42370,0,2,,90000189,1,"[]","[]",1980-01-01 00:00:00,2099-12-31 23:59:59,,"{""param5"":18000}",0,0,0,0,0,0,0,0,0,0,0,0,,,,,"[{""practiceType"":4,""rateMap"":{""param5"":35000}}]",,,,0,"{""param5"":175000}",0,,,,,,,,,,,,,,,,,,,,,,,,,,,1,NOW(),NOW()
42371,0,2,,90000189,2,"[]","[]",1980-01-01 00:00:00,2099-12-31 23:59:59,,"{""param5"":18000}",0,0,0,0,0,0,0,0,0,0,0,0,,,,,"[{""practiceType"":4,""rateMap"":{""param5"":35000}}]",,,,0,"{""param5"":175000}",0,,,,,,,,,,,,,,,,,,,,,,,,,,,1,NOW(),NOW()
42372,0,2,,90000189,3,"[]","[]",1980-01-01 00:00:00,2099-12-31 23:59:59,,"{""param5"":18000}",0,0,0,0,0,0,0,0,0,0,0,0,,,,,"[{""practiceType"":4,""rateMap"":{""param5"":35000}}]",,,,0,"{""param5"":175000}",0,,,,,,,,,,,,,,,,,,,,,,,,,,,1,NOW(),NOW()
42373,0,2,,90000189,4,"[]","[]",1980-01-01 00:00:00,2099-12-31 23:59:59,,"{""param5"":18000}",0,0,0,0,0,0,0,0,0,0,0,0,,,,,"[{""practiceType"":4,""rateMap"":{""param5"":35000}}]",,,,0,"{""param5"":175000}",0,,,,,,,,,,,,,,,,,,,,,,,,,,,1,NOW(),NOW()
42374,0,2,,90000189,5,"[]","[]",1980-01-01 00:00:00,2099-12-31 23:59:59,,"{""param5"":18000}",0,0,0,0,0,0,0,0,0,0,0,0,,,,,"[{""practiceType"":4,""rateMap"":{""param5"":35000}}]",,,,0,"{""param5"":175000}",0,,,,,,,,,,,,,,,,,,,,,,,,,,,1,NOW(),NOW()
42375,0,2,,90000189,6,"[]","[]",1980-01-01 00:00:00,2099-12-31 23:59:59,,"{""param5"":18000}",0,0,0,0,0,0,0,0,0,0,0,0,,,,,"[{""practiceType"":4,""rateMap"":{""param5"":35000}}]",,,,0,"{""param5"":175000}",0,,,,,,,,,,,,,,,,,,,,,,,,,,,1,NOW(),NOW()
42376,0,2,,90000189,7,"[]","[]",1980-01-01 00:00:00,2099-12-31 23:59:59,,"{""param5"":18000}",0,0,0,0,0,0,0,0,0,0,0,0,,,,,"[{""practiceType"":4,""rateMap"":{""param5"":35000}}]",,,,0,"{""param5"":175000}",0,,,,,,,,,,,,,,,,,,,,,,,,,,,1,NOW(),NOW()
42377,0,2,,90000189,8,"[]","[]",1980-01-01 00:00:00,2099-12-31 23:59:59,,"{""param5"":18000}",0,0,0,0,0,0,0,0,0,0,0,0,,,,,"[{""practiceType"":4,""rateMap"":{""param5"":35000}}]",,,,0,"{""param5"":175000}",0,,,,,,,,,,,,,,,,,,,,,,,,,,,1,NOW(),NOW()
42378,0,2,,90000189,9,"[]","[]",1980-01-01 00:00:00,2099-12-31 23:59:59,,"{""param5"":18000}",0,0,0,0,0,0,0,0,0,0,0,0,,,,,"[{""practiceType"":4,""rateMap"":{""param5"":35000}}]",,,,0,"{""param5"":175000}",0,,,,,,,,,,,,,,,,,,,,,,,,,,,1,NOW(),NOW()
42379,0,2,,90000189,10,"[]","[]",1980-01-01 00:00:00,2099-12-31 23:59:59,,"{""param5"":18000}",0,0,0,0,0,0,0,0,0,0,0,0,,,,,"[{""practiceType"":4,""rateMap"":{""param5"":35000}}]",,,,0,"{""param5"":175000}",0,,,,,,,,,,,,,,,,,,,,,,,,,,,1,NOW(),NOW()
42380,0,2,,90000189,11,"[]","[]",1980-01-01 00:00:00,2099-12-31 23:59:59,,"{""param5"":18000}",0,0,0,0,0,0,0,0,0,0,0,0,,,,,"[{""practiceType"":4,""rateMap"":{""param5"":35000}}]",,,,0,"{""param5"":175000}",0,,,,,,,,,,,,,,,,,,,,,,,,,,,1,NOW(),NOW()
42381,0,2,,90000189,12,"[]","[]",1980-01-01 00:00:00,2099-12-31 23:59:59,,"{""param5"":18000}",0,0,0,0,0,0,0,0,0,0,0,0,,,,,"[{""practiceType"":4,""rateMap"":{""param5"":35000}}]",,,,0,"{""param5"":175000}",0,,,,,,,,,,,,,,,,,,,,,,,,,,,1,NOW(),NOW()
42382,0,2,,90000189,13,"[]","[]",1980-01-01 00:00:00,2099-12-31 23:59:59,,"{""param5"":18000}",0,0,0,0,0,0,0,0,0,0,0,0,,,,,"[{""practiceType"":4,""rateMap"":{""param5"":35000}}]",,,,0,"{""param5"":175000}",0,,,,,,,,,,,,,,,,,,,,,,,,,,,1,NOW(),NOW()
42383,0,2,,90000189,14,"[]","[]",1980-01-01 00:00:00,2099-12-31 23:59:59,,"{""param5"":18000}",0,0,0,0,0,0,0,0,0,0,0,0,,,,,"[{""practiceType"":4,""rateMap"":{""param5"":35000}}]",,,,0,"{""param5"":175000}",0,,,,,,,,,,,,,,,,,,,,,,,,,,,1,NOW(),NOW()
42384,0,2,,90000189,15,"[]","[]",1980-01-01 00:00:00,2099-12-31 23:59:59,,"{""param5"":18000}",0,0,0,0,0,0,0,0,0,0,0,0,,,,,"[{""practiceType"":4,""rateMap"":{""param5"":35000}}]",,,,0,"{""param5"":175000}",0,,,,,,,,,,,,,,,,,,,,,,,,,,,1,NOW(),NOW()
42385,0,2,,90000189,16,"[]","[]",1980-01-01 00:00:00,2099-12-31 23:59:59,,"{""param5"":18000}",0,0,0,0,0,0,0,0,0,0,0,0,,,,,"[{""practiceType"":4,""rateMap"":{""param5"":35000}}]",,,,0,"{""param5"":175000}",0,,,,,,,,,,,,,,,,,,,,,,,,,,,1,NOW(),NOW()
42386,0,2,,90000189,17,"[]","[]",1980-01-01 00:00:00,2099-12-31 23:59:59,,"{""param5"":18000}",0,0,0,0,0,0,0,0,0,0,0,0,,,,,"[{""practiceType"":4,""rateMap"":{""param5"":35000}}]",,,,0,"{""param5"":175000}",0,,,,,,,,,,,,,,,,,,,,,,,,,,,1,NOW(),NOW()
42387,0,2,,90000189,18,"[]","[]",1980-01-01 00:00:00,2099-12-31 23:59:59,,"{""param5"":18000}",0,0,0,0,0,0,0,0,0,0,0,0,,,,,"[{""practiceType"":4,""rateMap"":{""param5"":35000}}]",,,,0,"{""param5"":175000}",0,,,,,,,,,,,,,,,,,,,,,,,,,,,1,NOW(),NOW()
42388,0,2,,90000189,19,"[]","[]",1980-01-01 00:00:00,2099-12-31 23:59:59,,"{""param5"":18000}",0,0,0,0,0,0,0,0,0,0,0,0,,,,,"[{""practiceType"":4,""rateMap"":{""param5"":35000}}]",,,,0,"{""param5"":175000}",0,,,,,,,,,,,,,,,,,,,,,,,,,,,1,NOW(),NOW()
42389,0,2,,90000189,20,"[]","[]",1980-01-01 00:00:00,2099-12-31 23:59:59,,"{""param5"":18400}",0,0,0,0,0,0,0,0,0,0,0,0,,,,,"[{""practiceType"":4,""rateMap"":{""param5"":36700}}]",,,,0,"{""param5"":183700}",0,,,,,,,,,,,,,,,,,,,,,,,,,,,1,NOW(),NOW()
42390,0,2,,90000189,21,"[]","[]",1980-01-01 00:00:00,2099-12-31 23:59:59,,"{""param5"":18400}",0,0,0,0,0,0,0,0,0,0,0,0,,,,,"[{""practiceType"":4,""rateMap"":{""param5"":36700}}]",,,,0,"{""param5"":183700}",0,,,,,,,,,,,,,,,,,,,,,,,,,,,1,NOW(),NOW()
42391,0,2,,90000189,22,"[]","[]",1980-01-01 00:00:00,2099-12-31 23:59:59,,"{""param5"":18400}",0,0,0,0,0,0,0,0,0,0,0,0,,,,,"[{""practiceType"":4,""rateMap"":{""param5"":36700}}]",,,,0,"{""param5"":183700}",0,,,,,,,,,,,,,,,,,,,,,,,,,,,1,NOW(),NOW()
42392,0,2,,90000189,23,"[]","[]",1980-01-01 00:00:00,2099-12-31 23:59:59,,"{""param5"":18400}",0,0,0,0,0,0,0,0,0,0,0,0,,,,,"[{""practiceType"":4,""rateMap"":{""param5"":36700}}]",,,,0,"{""param5"":183700}",0,,,,,,,,,,,,,,,,,,,,,,,,,,,1,NOW(),NOW()
42393,0,2,,90000189,24,"[]","[]",1980-01-01 00:00:00,2099-12-31 23:59:59,,"{""param5"":18400}",0,0,0,0,0,0,0,0,0,0,0,0,,,,,"[{""practiceType"":4,""rateMap"":{""param5"":36700}}]",,,,0,"{""param5"":183700}",0,,,,,,,,,,,,,,,,,,,,,,,,,,,1,NOW(),NOW()
42394,0,2,,90000189,25,"[]","[]",1980-01-01 00:00:00,2099-12-31 23:59:59,,"{""param5"":18400}",0,0,0,0,0,0,0,0,0,0,0,0,,,,,"[{""practiceType"":4,""rateMap"":{""param5"":36700}}]",,,,0,"{""param5"":183700}",0,,,,,,,,,,,,,,,,,,,,,,,,,,,1,NOW(),NOW()
42395,0,2,,90000189,26,"[]","[]",1980-01-01 00:00:00,2099-12-31 23:59:59,,"{""param5"":18400}",0,0,0,0,0,0,0,0,0,0,0,0,,,,,"[{""practiceType"":4,""rateMap"":{""param5"":36700}}]",,,,0,"{""param5"":183700}",0,,,,,,,,,,,,,,,,,,,,,,,,,,,1,NOW(),NOW()
42396,0,2,,90000189,27,"[]","[]",1980-01-01 00:00:00,2099-12-31 23:59:59,,"{""param5"":18400}",0,0,0,0,0,0,0,0,0,0,0,0,,,,,"[{""practiceType"":4,""rateMap"":{""param5"":36700}}]",,,,0,"{""param5"":183700}",0,,,,,,,,,,,,,,,,,,,,,,,,,,,1,NOW(),NOW()
42397,0,2,,90000189,28,"[]","[]",1980-01-01 00:00:00,2099-12-31 23:59:59,,"{""param5"":18400}",0,0,0,0,0,0,0,0,0,0,0,0,,,,,"[{""practiceType"":4,""rateMap"":{""param5"":36700}}]",,,,0,"{""param5"":183700}",0,,,,,,,,,,,,,,,,,,,,,,,,,,,1,NOW(),NOW()
42398,0,2,,90000189,29,"[]","[]",1980-01-01 00:00:00,2099-12-31 23:59:59,,"{""param5"":18400}",0,0,0,0,0,0,0,0,0,0,0,0,,,,,"[{""practiceType"":4,""rateMap"":{""param5"":36700}}]",,,,0,"{""param5"":183700}",0,,,,,,,,,,,,,,,,,,,,,,,,,,,1,NOW(),NOW()
42399,0,2,,90000189,30,"[]","[]",1980-01-01 00:00:00,2099-12-31 23:59:59,,"{""param5"":18800}",0,0,0,0,0,0,0,0,0,0,0,0,,,,,"[{""practiceType"":4,""rateMap"":{""param5"":38500}}]",,,,0,"{""param5"":192500}",0,,,,,,,,,,,,,,,,,,,,,,,,,,,1,NOW(),NOW()
42400,0,2,,90000189,31,"[]","[]",1980-01-01 00:00:00,2099-12-31 23:59:59,,"{""param5"":18800}",0,0,0,0,0,0,0,0,0,0,0,0,,,,,"[{""practiceType"":4,""rateMap"":{""param5"":38500}}]",,,,0,"{""param5"":192500}",0,,,,,,,,,,,,,,,,,,,,,,,,,,,1,NOW(),NOW()
42401,0,2,,90000189,32,"[]","[]",1980-01-01 00:00:00,2099-12-31 23:59:59,,"{""param5"":18800}",0,0,0,0,0,0,0,0,0,0,0,0,,,,,"[{""practiceType"":4,""rateMap"":{""param5"":38500}}]",,,,0,"{""param5"":192500}",0,,,,,,,,,,,,,,,,,,,,,,,,,,,1,NOW(),NOW()
42402,0,2,,90000189,33,"[]","[]",1980-01-01 00:00:00,2099-12-31 23:59:59,,"{""param5"":18800}",0,0,0,0,0,0,0,0,0,0,0,0,,,,,"[{""practiceType"":4,""rateMap"":{""param5"":38500}}]",,,,0,"{""param5"":192500}",0,,,,,,,,,,,,,,,,,,,,,,,,,,,1,NOW(),NOW()
42403,0,2,,90000189,34,"[]","[]",1980-01-01 00:00:00,2099-12-31 23:59:59,,"{""param5"":18800}",0,0,0,0,0,0,0,0,0,0,0,0,,,,,"[{""practiceType"":4,""rateMap"":{""param5"":38500}}]",,,,0,"{""param5"":192500}",0,,,,,,,,,,,,,,,,,,,,,,,,,,,1,NOW(),NOW()
42404,0,2,,90000189,35,"[]","[]",1980-01-01 00:00:00,2099-12-31 23:59:59,,"{""param5"":18800}",0,0,0,0,0,0,0,0,0,0,0,0,,,,,"[{""practiceType"":4,""rateMap"":{""param5"":38500}}]",,,,0,"{""param5"":192500}",0,,,,,,,,,,,,,,,,,,,,,,,,,,,1,NOW(),NOW()
42405,0,2,,90000189,36,"[]","[]",1980-01-01 00:00:00,2099-12-31 23:59:59,,"{""param5"":18800}",0,0,0,0,0,0,0,0,0,0,0,0,,,,,"[{""practiceType"":4,""rateMap"":{""param5"":38500}}]",,,,0,"{""param5"":192500}",0,,,,,,,,,,,,,,,,,,,,,,,,,,,1,NOW(),NOW()
42406,0,2,,90000189,37,"[]","[]",1980-01-01 00:00:00,2099-12-31 23:59:59,,"{""param5"":18800}",0,0,0,0,0,0,0,0,0,0,0,0,,,,,"[{""practiceType"":4,""rateMap"":{""param5"":38500}}]",,,,0,"{""param5"":192500}",0,,,,,,,,,,,,,,,,,,,,,,,,,,,1,NOW(),NOW()
42407,0,2,,90000189,38,"[]","[]",1980-01-01 00:00:00,2099-12-31 23:59:59,,"{""param5"":18800}",0,0,0,0,0,0,0,0,0,0,0,0,,,,,"[{""practiceType"":4,""rateMap"":{""param5"":38500}}]",,,,0,"{""param5"":192500}",0,,,,,,,,,,,,,,,,,,,,,,,,,,,1,NOW(),NOW()
42408,0,2,,90000189,39,"[]","[]",1980-01-01 00:00:00,2099-12-31 23:59:59,,"{""param5"":18800}",0,0,0,0,0,0,0,0,0,0,0,0,,,,,"[{""practiceType"":4,""rateMap"":{""param5"":38500}}]",,,,0,"{""param5"":192500}",0,,,,,,,,,,,,,,,,,,,,,,,,,,,1,NOW(),NOW()
42409,0,2,,90000189,40,"[]","[]",1980-01-01 00:00:00,2099-12-31 23:59:59,,"{""param5"":19200}",0,0,0,0,0,0,0,0,0,0,0,0,,,,,"[{""practiceType"":4,""rateMap"":{""param5"":40200}}]",,,,0,"{""param5"":201200}",0,,,,,,,,,,,,,,,,,,,,,,,,,,,1,NOW(),NOW()
42410,0,2,,90000189,41,"[]","[]",1980-01-01 00:00:00,2099-12-31 23:59:59,,"{""param5"":19200}",0,0,0,0,0,0,0,0,0,0,0,0,,,,,"[{""practiceType"":4,""rateMap"":{""param5"":40200}}]",,,,0,"{""param5"":201200}",0,,,,,,,,,,,,,,,,,,,,,,,,,,,1,NOW(),NOW()
42411,0,2,,90000189,42,"[]","[]",1980-01-01 00:00:00,2099-12-31 23:59:59,,"{""param5"":19200}",0,0,0,0,0,0,0,0,0,0,0,0,,,,,"[{""practiceType"":4,""rateMap"":{""param5"":40200}}]",,,,0,"{""param5"":201200}",0,,,,,,,,,,,,,,,,,,,,,,,,,,,1,NOW(),NOW()
42412,0,2,,90000189,43,"[]","[]",1980-01-01 00:00:00,2099-12-31 23:59:59,,"{""param5"":19200}",0,0,0,0,0,0,0,0,0,0,0,0,,,,,"[{""practiceType"":4,""rateMap"":{""param5"":40200}}]",,,,0,"{""param5"":201200}",0,,,,,,,,,,,,,,,,,,,,,,,,,,,1,NOW(),NOW()
42413,0,2,,90000189,44,"[]","[]",1980-01-01 00:00:00,2099-12-31 23:59:59,,"{""param5"":19200}",0,0,0,0,0,0,0,0,0,0,0,0,,,,,"[{""practiceType"":4,""rateMap"":{""param5"":40200}}]",,,,0,"{""param5"":201200}",0,,,,,,,,,,,,,,,,,,,,,,,,,,,1,NOW(),NOW()
42414,0,2,,90000189,45,"[]","[]",1980-01-01 00:00:00,2099-12-31 23:59:59,,"{""param5"":19200}",0,0,0,0,0,0,0,0,0,0,0,0,,,,,"[{""practiceType"":4,""rateMap"":{""param5"":40200}}]",,,,0,"{""param5"":201200}",0,,,,,,,,,,,,,,,,,,,,,,,,,,,1,NOW(),NOW()
42415,0,2,,90000189,46,"[]","[]",1980-01-01 00:00:00,2099-12-31 23:59:59,,"{""param5"":19200}",0,0,0,0,0,0,0,0,0,0,0,0,,,,,"[{""practiceType"":4,""rateMap"":{""param5"":40200}}]",,,,0,"{""param5"":201200}",0,,,,,,,,,,,,,,,,,,,,,,,,,,,1,NOW(),NOW()
42416,0,2,,90000189,47,"[]","[]",1980-01-01 00:00:00,2099-12-31 23:59:59,,"{""param5"":19200}",0,0,0,0,0,0,0,0,0,0,0,0,,,,,"[{""practiceType"":4,""rateMap"":{""param5"":40200}}]",,,,0,"{""param5"":201200}",0,,,,,,,,,,,,,,,,,,,,,,,,,,,1,NOW(),NOW()
42417,0,2,,90000189,48,"[]","[]",1980-01-01 00:00:00,2099-12-31 23:59:59,,"{""param5"":19200}",0,0,0,0,0,0,0,0,0,0,0,0,,,,,"[{""practiceType"":4,""rateMap"":{""param5"":40200}}]",,,,0,"{""param5"":201200}",0,,,,,,,,,,,,,,,,,,,,,,,,,,,1,NOW(),NOW()
42418,0,2,,90000189,49,"[]","[]",1980-01-01 00:00:00,2099-12-31 23:59:59,,"{""param5"":19200}",0,0,0,0,0,0,0,0,0,0,0,0,,,,,"[{""practiceType"":4,""rateMap"":{""param5"":40200}}]",,,,0,"{""param5"":201200}",0,,,,,,,,,,,,,,,,,,,,,,,,,,,1,NOW(),NOW()
42419,0,2,,90000189,50,"[]","[]",1980-01-01 00:00:00,2099-12-31 23:59:59,,"{""param5"":19600}",0,0,0,0,0,0,0,0,0,0,0,0,,,,,"[{""practiceType"":4,""rateMap"":{""param5"":42000}}]",,,,0,"{""param5"":210000}",0,,,,,,,,,,,,,,,,,,,,,,,,,,,1,NOW(),NOW()
42420,0,2,,90000189,51,"[]","[]",1980-01-01 00:00:00,2099-12-31 23:59:59,,"{""param5"":19680}",0,0,0,0,0,0,0,0,0,0,0,0,,,,,"[{""practiceType"":4,""rateMap"":{""param5"":42300}}]",,,,0,"{""param5"":211700}",0,,,,,,,,,,,,,,,,,,,,,,,,,,,1,NOW(),NOW()
42421,0,2,,90000189,52,"[]","[]",1980-01-01 00:00:00,2099-12-31 23:59:59,,"{""param5"":19760}",0,0,0,0,0,0,0,0,0,0,0,0,,,,,"[{""practiceType"":4,""rateMap"":{""param5"":42700}}]",,,,0,"{""param5"":213500}",0,,,,,,,,,,,,,,,,,,,,,,,,,,,1,NOW(),NOW()
42422,0,2,,90000189,53,"[]","[]",1980-01-01 00:00:00,2099-12-31 23:59:59,,"{""param5"":19840}",0,0,0,0,0,0,0,0,0,0,0,0,,,,,"[{""practiceType"":4,""rateMap"":{""param5"":43000}}]",,,,0,"{""param5"":215200}",0,,,,,,,,,,,,,,,,,,,,,,,,,,,1,NOW(),NOW()
42423,0,2,,90000189,54,"[]","[]",1980-01-01 00:00:00,2099-12-31 23:59:59,,"{""param5"":19920}",0,0,0,0,0,0,0,0,0,0,0,0,,,,,"[{""practiceType"":4,""rateMap"":{""param5"":43400}}]",,,,0,"{""param5"":217000}",0,,,,,,,,,,,,,,,,,,,,,,,,,,,1,NOW(),NOW()
42424,0,2,,90000189,55,"[]","[]",1980-01-01 00:00:00,2099-12-31 23:59:59,,"{""param5"":20000}",0,0,0,0,0,0,0,0,0,0,0,0,,,,,"[{""practiceType"":4,""rateMap"":{""param5"":43700}}]",,,,0,"{""param5"":218700}",0,,,,,,,,,,,,,,,,,,,,,,,,,,,1,NOW(),NOW()
42425,0,2,,90000189,56,"[]","[]",1980-01-01 00:00:00,2099-12-31 23:59:59,,"{""param5"":20080}",0,0,0,0,0,0,0,0,0,0,0,0,,,,,"[{""practiceType"":4,""rateMap"":{""param5"":44100}}]",,,,0,"{""param5"":220500}",0,,,,,,,,,,,,,,,,,,,,,,,,,,,1,NOW(),NOW()
42426,0,2,,90000189,57,"[]","[]",1980-01-01 00:00:00,2099-12-31 23:59:59,,"{""param5"":20160}",0,0,0,0,0,0,0,0,0,0,0,0,,,,,"[{""practiceType"":4,""rateMap"":{""param5"":44400}}]",,,,0,"{""param5"":222200}",0,,,,,,,,,,,,,,,,,,,,,,,,,,,1,NOW(),NOW()
42427,0,2,,90000189,58,"[]","[]",1980-01-01 00:00:00,2099-12-31 23:59:59,,"{""param5"":20240}",0,0,0,0,0,0,0,0,0,0,0,0,,,,,"[{""practiceType"":4,""rateMap"":{""param5"":44800}}]",,,,0,"{""param5"":224000}",0,,,,,,,,,,,,,,,,,,,,,,,,,,,1,NOW(),NOW()
42428,0,2,,90000189,59,"[]","[]",1980-01-01 00:00:00,2099-12-31 23:59:59,,"{""param5"":20320}",0,0,0,0,0,0,0,0,0,0,0,0,,,,,"[{""practiceType"":4,""rateMap"":{""param5"":45100}}]",,,,0,"{""param5"":225700}",0,,,,,,,,,,,,,,,,,,,,,,,,,,,1,NOW(),NOW()
42429,0,2,,90000189,60,"[]","[]",1980-01-01 00:00:00,2099-12-31 23:59:59,,"{""param5"":20400}",0,0,0,0,0,0,0,0,0,0,0,0,,,,,"[{""practiceType"":4,""rateMap"":{""param5"":45500}}]",,,,0,"{""param5"":227500}",0,,,,,,,,,,,,,,,,,,,,,,,,,,"[{""practiceType"":4,""grade"":4,""rate"":10000,""canDuplicate"":1}]",1,NOW(),NOW()
42430,0,2,,90000189,61,"[]","[]",1980-01-01 00:00:00,2099-12-31 23:59:59,,"{""param5"":20480}",0,0,0,0,0,0,0,0,0,0,0,0,,,,,"[{""practiceType"":4,""rateMap"":{""param5"":45800}}]",,,,0,"{""param5"":229200}",0,,,,,,,,,,,,,,,,,,,,,,,,,,"[{""practiceType"":4,""grade"":4,""rate"":10000,""canDuplicate"":1}]",1,NOW(),NOW()
42431,0,2,,90000189,62,"[]","[]",1980-01-01 00:00:00,2099-12-31 23:59:59,,"{""param5"":20560}",0,0,0,0,0,0,0,0,0,0,0,0,,,,,"[{""practiceType"":4,""rateMap"":{""param5"":46200}}]",,,,0,"{""param5"":231000}",0,,,,,,,,,,,,,,,,,,,,,,,,,,"[{""practiceType"":4,""grade"":4,""rate"":10000,""canDuplicate"":1}]",1,NOW(),NOW()
42432,0,2,,90000189,63,"[]","[]",1980-01-01 00:00:00,2099-12-31 23:59:59,,"{""param5"":20640}",0,0,0,0,0,0,0,0,0,0,0,0,,,,,"[{""practiceType"":4,""rateMap"":{""param5"":46500}}]",,,,0,"{""param5"":232700}",0,,,,,,,,,,,,,,,,,,,,,,,,,,"[{""practiceType"":4,""grade"":4,""rate"":10000,""canDuplicate"":1}]",1,NOW(),NOW()
42433,0,2,,90000189,64,"[]","[]",1980-01-01 00:00:00,2099-12-31 23:59:59,,"{""param5"":20720}",0,0,0,0,0,0,0,0,0,0,0,0,,,,,"[{""practiceType"":4,""rateMap"":{""param5"":46900}}]",,,,0,"{""param5"":234500}",0,,,,,,,,,,,,,,,,,,,,,,,,,,"[{""practiceType"":4,""grade"":4,""rate"":10000,""canDuplicate"":1}]",1,NOW(),NOW()
42434,0,2,,90000189,65,"[]","[]",1980-01-01 00:00:00,2099-12-31 23:59:59,,"{""param5"":20800}",0,0,0,0,0,0,0,0,0,0,0,0,,,,,"[{""practiceType"":4,""rateMap"":{""param5"":47200}}]",,,,0,"{""param5"":236200}",0,,,,,,,,,,,,,,,,,,,,,,,,,,"[{""practiceType"":4,""grade"":4,""rate"":10000,""canDuplicate"":1}]",1,NOW(),NOW()
42435,0,2,,90000189,66,"[]","[]",1980-01-01 00:00:00,2099-12-31 23:59:59,,"{""param5"":20880}",0,0,0,0,0,0,0,0,0,0,0,0,,,,,"[{""practiceType"":4,""rateMap"":{""param5"":47600}}]",,,,0,"{""param5"":238000}",0,,,,,,,,,,,,,,,,,,,,,,,,,,"[{""practiceType"":4,""grade"":4,""rate"":10000,""canDuplicate"":1}]",1,NOW(),NOW()
42436,0,2,,90000189,67,"[]","[]",1980-01-01 00:00:00,2099-12-31 23:59:59,,"{""param5"":20960}",0,0,0,0,0,0,0,0,0,0,0,0,,,,,"[{""practiceType"":4,""rateMap"":{""param5"":47900}}]",,,,0,"{""param5"":239700}",0,,,,,,,,,,,,,,,,,,,,,,,,,,"[{""practiceType"":4,""grade"":4,""rate"":10000,""canDuplicate"":1}]",1,NOW(),NOW()
42437,0,2,,90000189,68,"[]","[]",1980-01-01 00:00:00,2099-12-31 23:59:59,,"{""param5"":21040}",0,0,0,0,0,0,0,0,0,0,0,0,,,,,"[{""practiceType"":4,""rateMap"":{""param5"":48300}}]",,,,0,"{""param5"":241500}",0,,,,,,,,,,,,,,,,,,,,,,,,,,"[{""practiceType"":4,""grade"":4,""rate"":10000,""canDuplicate"":1}]",1,NOW(),NOW()
42438,0,2,,90000189,69,"[]","[]",1980-01-01 00:00:00,2099-12-31 23:59:59,,"{""param5"":21120}",0,0,0,0,0,0,0,0,0,0,0,0,,,,,"[{""practiceType"":4,""rateMap"":{""param5"":48600}}]",,,,0,"{""param5"":243200}",0,,,,,,,,,,,,,,,,,,,,,,,,,,"[{""practiceType"":4,""grade"":4,""rate"":10000,""canDuplicate"":1}]",1,NOW(),NOW()
42439,0,2,,90000189,70,"[]","[]",1980-01-01 00:00:00,2099-12-31 23:59:59,,"{""param5"":21200}",0,0,0,0,0,0,0,0,0,0,0,0,,,,,"[{""practiceType"":4,""rateMap"":{""param5"":49000}}]",,,,0,"{""param5"":245000}",0,,,,,,,,,,,,,,,,,,,,,,,,,,"[{""practiceType"":4,""grade"":4,""rate"":10000,""canDuplicate"":1}]",1,NOW(),NOW()
42440,0,2,,90000189,71,"[]","[]",1980-01-01 00:00:00,2099-12-31 23:59:59,,"{""param5"":21360}",0,0,0,0,0,0,0,0,0,0,0,0,,,,,"[{""practiceType"":4,""rateMap"":{""param5"":49700}}]",,,,0,"{""param5"":248500}",0,,,,,,,,,,,,,,,,,,,,,,,,,,"[{""practiceType"":4,""grade"":4,""rate"":10000,""canDuplicate"":1}]",1,NOW(),NOW()
42441,0,2,,90000189,72,"[]","[]",1980-01-01 00:00:00,2099-12-31 23:59:59,,"{""param5"":21520}",0,0,0,0,0,0,0,0,0,0,0,0,,,,,"[{""practiceType"":4,""rateMap"":{""param5"":50400}}]",,,,0,"{""param5"":252000}",0,,,,,,,,,,,,,,,,,,,,,,,,,,"[{""practiceType"":4,""grade"":4,""rate"":10000,""canDuplicate"":1}]",1,NOW(),NOW()
42442,0,2,,90000189,73,"[]","[]",1980-01-01 00:00:00,2099-12-31 23:59:59,,"{""param5"":21680}",0,0,0,0,0,0,0,0,0,0,0,0,,,,,"[{""practiceType"":4,""rateMap"":{""param5"":51100}}]",,,,0,"{""param5"":255500}",0,,,,,,,,,,,,,,,,,,,,,,,,,,"[{""practiceType"":4,""grade"":4,""rate"":10000,""canDuplicate"":1}]",1,NOW(),NOW()
42443,0,2,,90000189,74,"[]","[]",1980-01-01 00:00:00,2099-12-31 23:59:59,,"{""param5"":21840}",0,0,0,0,0,0,0,0,0,0,0,0,,,,,"[{""practiceType"":4,""rateMap"":{""param5"":51800}}]",,,,0,"{""param5"":259000}",0,,,,,,,,,,,,,,,,,,,,,,,,,,"[{""practiceType"":4,""grade"":4,""rate"":10000,""canDuplicate"":1}]",1,NOW(),NOW()
42444,0,2,,90000189,75,"[]","[]",1980-01-01 00:00:00,2099-12-31 23:59:59,,"{""param5"":22000}",0,0,0,0,0,0,0,0,0,0,0,0,,,,,"[{""practiceType"":4,""rateMap"":{""param5"":52500}}]",,,,0,"{""param5"":262500}",0,,,,,,,,,,,,,,,,,,,,,,,,,,"[{""practiceType"":4,""grade"":4,""rate"":10000,""canDuplicate"":1}]",1,NOW(),NOW()
42445,0,2,,90000189,76,"[]","[]",1980-01-01 00:00:00,2099-12-31 23:59:59,,"{""param5"":22160}",0,0,0,0,0,0,0,0,0,0,0,0,,,,,"[{""practiceType"":4,""rateMap"":{""param5"":53200}}]",,,,0,"{""param5"":266000}",0,,,,,,,,,,,,,,,,,,,,,,,,,,"[{""practiceType"":4,""grade"":4,""rate"":10000,""canDuplicate"":1}]",1,NOW(),NOW()
42446,0,2,,90000189,77,"[]","[]",1980-01-01 00:00:00,2099-12-31 23:59:59,,"{""param5"":22320}",0,0,0,0,0,0,0,0,0,0,0,0,,,,,"[{""practiceType"":4,""rateMap"":{""param5"":53900}}]",,,,0,"{""param5"":269500}",0,,,,,,,,,,,,,,,,,,,,,,,,,,"[{""practiceType"":4,""grade"":4,""rate"":10000,""canDuplicate"":1}]",1,NOW(),NOW()
42447,0,2,,90000189,78,"[]","[]",1980-01-01 00:00:00,2099-12-31 23:59:59,,"{""param5"":22480}",0,0,0,0,0,0,0,0,0,0,0,0,,,,,"[{""practiceType"":4,""rateMap"":{""param5"":54600}}]",,,,0,"{""param5"":273000}",0,,,,,,,,,,,,,,,,,,,,,,,,,,"[{""practiceType"":4,""grade"":4,""rate"":10000,""canDuplicate"":1}]",1,NOW(),NOW()
42448,0,2,,90000189,79,"[]","[]",1980-01-01 00:00:00,2099-12-31 23:59:59,,"{""param5"":22640}",0,0,0,0,0,0,0,0,0,0,0,0,,,,,"[{""practiceType"":4,""rateMap"":{""param5"":55300}}]",,,,0,"{""param5"":276500}",0,,,,,,,,,,,,,,,,,,,,,,,,,,"[{""practiceType"":4,""grade"":4,""rate"":10000,""canDuplicate"":1}]",1,NOW(),NOW()
42449,0,2,,90000189,80,"[]","[]",1980-01-01 00:00:00,2099-12-31 23:59:59,,"{""param5"":22800}",0,0,0,0,0,0,0,0,0,0,0,0,,,,,"[{""practiceType"":4,""rateMap"":{""param5"":56000}}]",,,,0,"{""param5"":280000}",0,,,,,,,,,,,,,,,,,,,,,,,,,,"[{""practiceType"":4,""grade"":4,""rate"":10000,""canDuplicate"":1}]",1,NOW(),NOW()
42450,0,2,,90000189,81,"[]","[]",1980-01-01 00:00:00,2099-12-31 23:59:59,,"{""param5"":22960}",0,0,0,0,0,0,0,0,0,0,0,0,,,,,"[{""practiceType"":4,""rateMap"":{""param5"":56700}}]",,,,0,"{""param5"":283500}",0,,,,,,,,,,,,,,,,,,,,,,,,,,"[{""practiceType"":4,""grade"":4,""rate"":10000,""canDuplicate"":1}]",1,NOW(),NOW()
42451,0,2,,90000189,82,"[]","[]",1980-01-01 00:00:00,2099-12-31 23:59:59,,"{""param5"":23120}",0,0,0,0,0,0,0,0,0,0,0,0,,,,,"[{""practiceType"":4,""rateMap"":{""param5"":57400}}]",,,,0,"{""param5"":287000}",0,,,,,,,,,,,,,,,,,,,,,,,,,,"[{""practiceType"":4,""grade"":4,""rate"":10000,""canDuplicate"":1}]",1,NOW(),NOW()
42452,0,2,,90000189,83,"[]","[]",1980-01-01 00:00:00,2099-12-31 23:59:59,,"{""param5"":23280}",0,0,0,0,0,0,0,0,0,0,0,0,,,,,"[{""practiceType"":4,""rateMap"":{""param5"":58100}}]",,,,0,"{""param5"":290500}",0,,,,,,,,,,,,,,,,,,,,,,,,,,"[{""practiceType"":4,""grade"":4,""rate"":10000,""canDuplicate"":1}]",1,NOW(),NOW()
42453,0,2,,90000189,84,"[]","[]",1980-01-01 00:00:00,2099-12-31 23:59:59,,"{""param5"":23440}",0,0,0,0,0,0,0,0,0,0,0,0,,,,,"[{""practiceType"":4,""rateMap"":{""param5"":58800}}]",,,,0,"{""param5"":294000}",0,,,,,,,,,,,,,,,,,,,,,,,,,,"[{""practiceType"":4,""grade"":4,""rate"":10000,""canDuplicate"":1}]",1,NOW(),NOW()
42454,0,2,,90000189,85,"[]","[]",1980-01-01 00:00:00,2099-12-31 23:59:59,,"{""param5"":23600}",0,0,0,0,0,0,0,0,0,0,0,0,,,,,"[{""practiceType"":4,""rateMap"":{""param5"":59500}}]",,,,0,"{""param5"":297500}",0,,,,,,,,,,,,,,,,,,,,,,,,,,"[{""practiceType"":4,""grade"":4,""rate"":10000,""canDuplicate"":1}]",1,NOW(),NOW()
42455,0,2,,90000189,86,"[]","[]",1980-01-01 00:00:00,2099-12-31 23:59:59,,"{""param5"":23760}",0,0,0,0,0,0,0,0,0,0,0,0,,,,,"[{""practiceType"":4,""rateMap"":{""param5"":60200}}]",,,,0,"{""param5"":301000}",0,,,,,,,,,,,,,,,,,,,,,,,,,,"[{""practiceType"":4,""grade"":4,""rate"":10000,""canDuplicate"":1}]",1,NOW(),NOW()
42456,0,2,,90000189,87,"[]","[]",1980-01-01 00:00:00,2099-12-31 23:59:59,,"{""param5"":23920}",0,0,0,0,0,0,0,0,0,0,0,0,,,,,"[{""practiceType"":4,""rateMap"":{""param5"":60900}}]",,,,0,"{""param5"":304500}",0,,,,,,,,,,,,,,,,,,,,,,,,,,"[{""practiceType"":4,""grade"":4,""rate"":10000,""canDuplicate"":1}]",1,NOW(),NOW()
42457,0,2,,90000189,88,"[]","[]",1980-01-01 00:00:00,2099-12-31 23:59:59,,"{""param5"":24080}",0,0,0,0,0,0,0,0,0,0,0,0,,,,,"[{""practiceType"":4,""rateMap"":{""param5"":61600}}]",,,,0,"{""param5"":308000}",0,,,,,,,,,,,,,,,,,,,,,,,,,,"[{""practiceType"":4,""grade"":4,""rate"":10000,""canDuplicate"":1}]",1,NOW(),NOW()
42458,0,2,,90000189,89,"[]","[]",1980-01-01 00:00:00,2099-12-31 23:59:59,,"{""param5"":24240}",0,0,0,0,0,0,0,0,0,0,0,0,,,,,"[{""practiceType"":4,""rateMap"":{""param5"":62300}}]",,,,0,"{""param5"":311500}",0,,,,,,,,,,,,,,,,,,,,,,,,,,"[{""practiceType"":4,""grade"":4,""rate"":10000,""canDuplicate"":1}]",1,NOW(),NOW()
42459,0,2,,90000189,90,"[]","[]",1980-01-01 00:00:00,2099-12-31 23:59:59,,"{""param5"":24400}",0,0,0,0,0,0,0,0,0,0,0,0,,,,,"[{""practiceType"":4,""rateMap"":{""param5"":63000}}]",,,,0,"{""param5"":315000}",0,,,,,,,,,,,,,,,,,,,,,,,,,,"[{""practiceType"":4,""grade"":4,""rate"":10000,""canDuplicate"":1}]",1,NOW(),NOW()
42460,0,2,,90000189,91,"[]","[]",1980-01-01 00:00:00,2099-12-31 23:59:59,,"{""param5"":24560}",0,0,0,0,0,0,0,0,0,0,0,0,,,,,"[{""practiceType"":4,""rateMap"":{""param5"":63700}}]",,,,0,"{""param5"":318500}",0,,,,,,,,,,,,,,,,,,,,,,,,,,"[{""practiceType"":4,""grade"":4,""rate"":10000,""canDuplicate"":1}]",1,NOW(),NOW()
42461,0,2,,90000189,92,"[]","[]",1980-01-01 00:00:00,2099-12-31 23:59:59,,"{""param5"":24720}",0,0,0,0,0,0,0,0,0,0,0,0,,,,,"[{""practiceType"":4,""rateMap"":{""param5"":64400}}]",,,,0,"{""param5"":322000}",0,,,,,,,,,,,,,,,,,,,,,,,,,,"[{""practiceType"":4,""grade"":4,""rate"":10000,""canDuplicate"":1}]",1,NOW(),NOW()
42462,0,2,,90000189,93,"[]","[]",1980-01-01 00:00:00,2099-12-31 23:59:59,,"{""param5"":24880}",0,0,0,0,0,0,0,0,0,0,0,0,,,,,"[{""practiceType"":4,""rateMap"":{""param5"":65100}}]",,,,0,"{""param5"":325500}",0,,,,,,,,,,,,,,,,,,,,,,,,,,"[{""practiceType"":4,""grade"":4,""rate"":10000,""canDuplicate"":1}]",1,NOW(),NOW()
42463,0,2,,90000189,94,"[]","[]",1980-01-01 00:00:00,2099-12-31 23:59:59,,"{""param5"":25040}",0,0,0,0,0,0,0,0,0,0,0,0,,,,,"[{""practiceType"":4,""rateMap"":{""param5"":65800}}]",,,,0,"{""param5"":329000}",0,,,,,,,,,,,,,,,,,,,,,,,,,,"[{""practiceType"":4,""grade"":4,""rate"":10000,""canDuplicate"":1}]",1,NOW(),NOW()
42464,0,2,,90000189,95,"[]","[]",1980-01-01 00:00:00,2099-12-31 23:59:59,,"{""param5"":25200}",0,0,0,0,0,0,0,0,0,0,0,0,,,,,"[{""practiceType"":4,""rateMap"":{""param5"":66500}}]",,,,0,"{""param5"":332500}",0,,,,,,,,,,,,,,,,,,,,,,,,,,"[{""practiceType"":4,""grade"":4,""rate"":10000,""canDuplicate"":1}]",1,NOW(),NOW()
42465,0,2,,90000189,96,"[]","[]",1980-01-01 00:00:00,2099-12-31 23:59:59,,"{""param5"":25360}",0,0,0,0,0,0,0,0,0,0,0,0,,,,,"[{""practiceType"":4,""rateMap"":{""param5"":67200}}]",,,,0,"{""param5"":336000}",0,,,,,,,,,,,,,,,,,,,,,,,,,,"[{""practiceType"":4,""grade"":4,""rate"":10000,""canDuplicate"":1}]",1,NOW(),NOW()
42466,0,2,,90000189,97,"[]","[]",1980-01-01 00:00:00,2099-12-31 23:59:59,,"{""param5"":25520}",0,0,0,0,0,0,0,0,0,0,0,0,,,,,"[{""practiceType"":4,""rateMap"":{""param5"":67900}}]",,,,0,"{""param5"":339500}",0,,,,,,,,,,,,,,,,,,,,,,,,,,"[{""practiceType"":4,""grade"":4,""rate"":10000,""canDuplicate"":1}]",1,NOW(),NOW()
42467,0,2,,90000189,98,"[]","[]",1980-01-01 00:00:00,2099-12-31 23:59:59,,"{""param5"":25680}",0,0,0,0,0,0,0,0,0,0,0,0,,,,,"[{""practiceType"":4,""rateMap"":{""param5"":68600}}]",,,,0,"{""param5"":343000}",0,,,,,,,,,,,,,,,,,,,,,,,,,,"[{""practiceType"":4,""grade"":4,""rate"":10000,""canDuplicate"":1}]",1,NOW(),NOW()
42468,0,2,,90000189,99,"[]","[]",1980-01-01 00:00:00,2099-12-31 23:59:59,,"{""param5"":25840}",0,0,0,0,0,0,0,0,0,0,0,0,,,,,"[{""practiceType"":4,""rateMap"":{""param5"":69300}}]",,,,0,"{""param5"":346500}",0,,,,,,,,,,,,,,,,,,,,,,,,,,"[{""practiceType"":4,""grade"":4,""rate"":10000,""canDuplicate"":1}]",1,NOW(),NOW()
42469,0,2,,90000189,100,"[]","[]",1980-01-01 00:00:00,2099-12-31 23:59:59,,"{""param5"":26000}",0,0,0,0,0,0,0,0,0,0,0,0,,,,,"[{""practiceType"":4,""rateMap"":{""param5"":70000}}]",,,,0,"{""param5"":350000}",0,,,,,,,,,,,,,,,,,,,,,,,,,,"[{""practiceType"":4,""grade"":4,""rate"":10000,""canDuplicate"":1}]",1,NOW(),NOW()
42470,0,1,反射で見る世界,90000189,80,"[]","[]",1980-01-01 00:00:00,2099-12-31 23:59:59,,,1000,0,0,0,0,0,0,0,24000,0,0,0,,,,,,,,,0,,0,,,,,,,,,,,,,,,,,,,,,,,,,,,1,NOW(),NOW()
42471,0,1,反射で見る世界・壱,90000189,81,"[]","[]",1980-01-01 00:00:00,2099-12-31 23:59:59,,,1000,0,0,0,0,0,0,0,24000,0,0,0,,,,,,,,,0,,0,,,,,,,,,,,,,,,,,,,,,,,,,,,1,NOW(),NOW()
42472,0,1,反射で見る世界・弐,90000189,82,"[]","[]",1980-01-01 00:00:00,2099-12-31 23:59:59,,,1000,0,0,0,0,0,0,0,24000,0,0,0,,,,,,,,,0,,0,,,,,,,,,,,,,,,,,,,,,,,,,,,1,NOW(),NOW()
42473,0,1,反射で見る世界・参,90000189,83,"[]","[]",1980-01-01 00:00:00,2099-12-31 23:59:59,,,1000,0,0,0,0,0,0,0,24000,0,0,0,,,,,,,,,0,,0,,,,,,,,,,,,,,,,,,,,,,,,,,,1,NOW(),NOW()
42474,0,1,反射で見る世界・肆,90000189,84,"[]","[]",1980-01-01 00:00:00,2099-12-31 23:59:59,,,1000,0,0,0,0,0,0,0,24000,0,0,0,,,,,,,,,0,,0,,,,,,,,,,,,,,,,,,,,,,,,,,,1,NOW(),NOW()
42475,0,1,反射で見る世界・伍,90000189,85,"[]","[]",1980-01-01 00:00:00,2099-12-31 23:59:59,,,1100,0,0,0,0,0,0,0,25000,0,0,0,,,,,,,,,0,,0,,,,,,,,,,,,,,,,,,,,,,,,,,,1,NOW(),NOW()
42476,0,1,反射で見る世界・陸,90000189,86,"[]","[]",1980-01-01 00:00:00,2099-12-31 23:59:59,,,1100,0,0,0,0,0,0,0,25000,0,0,0,,,,,,,,,0,,0,,,,,,,,,,,,,,,,,,,,,,,,,,,1,NOW(),NOW()
42477,0,1,反射で見る世界・漆,90000189,87,"[]","[]",1980-01-01 00:00:00,2099-12-31 23:59:59,,,1100,0,0,0,0,0,0,0,25000,0,0,0,,,,,,,,,0,,0,,,,,,,,,,,,,,,,,,,,,,,,,,,1,NOW(),NOW()
42478,0,1,反射で見る世界・捌,90000189,88,"[]","[]",1980-01-01 00:00:00,2099-12-31 23:59:59,,,1100,0,0,0,0,0,0,0,25000,0,0,0,,,,,,,,,0,,0,,,,,,,,,,,,,,,,,,,,,,,,,,,1,NOW(),NOW()
42479,0,1,反射で見る世界・玖,90000189,89,"[]","[]",1980-01-01 00:00:00,2099-12-31 23:59:59,,,1100,0,0,0,0,0,0,0,25000,0,0,0,,,,,,,,,0,,0,,,,,,,,,,,,,,,,,,,,,,,,,,,1,NOW(),NOW()
42480,0,1,反射で見る世界・拾,90000189,90,"[]","[]",1980-01-01 00:00:00,2099-12-31 23:59:59,,,1500,0,0,0,0,0,0,0,29000,0,0,0,,,,,,,,,0,,0,,,,,,,,,,,,,,,,,,,,,,,,,,,1,NOW(),NOW()
42481,0,1,反射で見る世界・拾壱,90000189,91,"[]","[]",1980-01-01 00:00:00,2099-12-31 23:59:59,,,1500,0,0,0,0,0,0,0,29000,0,0,0,,,,,,,,,0,,0,,,,,,,,,,,,,,,,,,,,,,,,,,,1,NOW(),NOW()
42482,0,1,反射で見る世界・拾弐,90000189,92,"[]","[]",1980-01-01 00:00:00,2099-12-31 23:59:59,,,1500,0,0,0,0,0,0,0,29000,0,0,0,,,,,,,,,0,,0,,,,,,,,,,,,,,,,,,,,,,,,,,,1,NOW(),NOW()
42483,0,1,反射で見る世界・拾参,90000189,93,"[]","[]",1980-01-01 00:00:00,2099-12-31 23:59:59,,,1500,0,0,0,0,0,0,0,29000,0,0,0,,,,,,,,,0,,0,,,,,,,,,,,,,,,,,,,,,,,,,,,1,NOW(),NOW()
42484,0,1,反射で見る世界・拾肆,90000189,94,"[]","[]",1980-01-01 00:00:00,2099-12-31 23:59:59,,,1500,0,0,0,0,0,0,0,29000,0,0,0,,,,,,,,,0,,0,,,,,,,,,,,,,,,,,,,,,,,,,,,1,NOW(),NOW()
42485,0,1,反射で見る世界・拾伍,90000189,95,"[]","[]",1980-01-01 00:00:00,2099-12-31 23:59:59,,,1600,0,0,0,0,0,0,0,30000,0,0,0,,,,,,,,,0,,0,,,,,,,,,,,,,,,,,,,,,,,,,,,1,NOW(),NOW()
42486,0,1,反射で見る世界・拾陸,90000189,96,"[]","[]",1980-01-01 00:00:00,2099-12-31 23:59:59,,,1600,0,0,0,0,0,0,0,30000,0,0,0,,,,,,,,,0,,0,,,,,,,,,,,,,,,,,,,,,,,,,,,1,NOW(),NOW()
42487,0,1,反射で見る世界・拾漆,90000189,97,"[]","[]",1980-01-01 00:00:00,2099-12-31 23:59:59,,,1600,0,0,0,0,0,0,0,30000,0,0,0,,,,,,,,,0,,0,,,,,,,,,,,,,,,,,,,,,,,,,,,1,NOW(),NOW()
42488,0,1,反射で見る世界・拾捌,90000189,98,"[]","[]",1980-01-01 00:00:00,2099-12-31 23:59:59,,,1600,0,0,0,0,0,0,0,30000,0,0,0,,,,,,,,,0,,0,,,,,,,,,,,,,,,,,,,,,,,,,,,1,NOW(),NOW()
42489,0,1,反射で見る世界・拾玖,90000189,99,"[]","[]",1980-01-01 00:00:00,2099-12-31 23:59:59,,,1600,0,0,0,0,0,0,0,30000,0,0,0,,,,,,,,,0,,0,,,,,,,,,,,,,,,,,,,,,,,,,,,1,NOW(),NOW()
42490,0,1,反射で見る世界・弐拾,90000189,100,"[]","[]",1980-01-01 00:00:00,2099-12-31 23:59:59,,,2000,0,0,0,0,0,0,0,34000,0,0,0,,,,,,,,,0,,0,,,,,,,,,,,,,,,,,,,,,,,,,,,1,NOW(),NOW()