115111,4713,0,10000,"[{""name"":"""",""type"":""chara"",""args"":{""mCharaId"":10027001,""value"":1}},{""name"":"""",""type"":""point"",""args"":{""mPointId"":18,""value"":225}}]",2,0,0,0,0,0,0,1980-01-01 00:00:00,2099-12-31 23:59:59,1,NOW(),NOW()
115112,4713,0,10000,"[{""name"":"""",""type"":""chara"",""args"":{""mCharaId"":10025006,""value"":1}},{""name"":"""",""type"":""point"",""args"":{""mPointId"":18,""value"":225}}]",2,0,0,0,0,0,0,1980-01-01 00:00:00,2099-12-31 23:59:59,1,NOW(),NOW()
115113,4713,0,10000,"[{""name"":"""",""type"":""chara"",""args"":{""mCharaId"":10015008,""value"":1}},{""name"":"""",""type"":""point"",""args"":{""mPointId"":18,""value"":225}}]",2,0,0,0,0,0,0,1980-01-01 00:00:00,2099-12-31 23:59:59,1,NOW(),NOW()
115114,4713,0,10000,"[{""name"":"""",""type"":""chara"",""args"":{""mCharaId"":10001009,""value"":1}},{""name"":"""",""type"":""point"",""args"":{""mPointId"":18,""value"":225}}]",2,0,0,0,0,0,0,1980-01-01 00:00:00,2099-12-31 23:59:59,1,NOW(),NOW()
115115,4713,0,10000,"[{""name"":"""",""type"":""chara"",""args"":{""mCharaId"":10008008,""value"":1}},{""name"":"""",""type"":""point"",""args"":{""mPointId"":18,""value"":225}}]",2,0,0,0,0,0,0,1980-01-01 00:00:00,2099-12-31 23:59:59,1,NOW(),NOW()
115116,4713,0,10000,"[{""name"":"""",""type"":""chara"",""args"":{""mCharaId"":10022008,""value"":1}},{""name"":"""",""type"":""point"",""args"":{""mPointId"":18,""value"":225}}]",2,0,0,0,0,0,0,1980-01-01 00:00:00,2099-12-31 23:59:59,1,NOW(),NOW()
115117,4713,0,10000,"[{""name"":"""",""type"":""chara"",""args"":{""mCharaId"":10015009,""value"":1}},{""name"":"""",""type"":""point"",""args"":{""mPointId"":18,""value"":225}}]",2,0,0,0,0,0,0,1980-01-01 00:00:00,2099-12-31 23:59:59,1,NOW(),NOW()
115118,4713,0,10000,"[{""name"":"""",""type"":""chara"",""args"":{""mCharaId"":10027002,""value"":1}},{""name"":"""",""type"":""point"",""args"":{""mPointId"":18,""value"":225}}]",2,0,0,0,0,0,0,1980-01-01 00:00:00,2099-12-31 23:59:59,1,NOW(),NOW()
115119,4713,0,10000,"[{""name"":"""",""type"":""chara"",""args"":{""mCharaId"":10021008,""value"":1}},{""name"":"""",""type"":""point"",""args"":{""mPointId"":18,""value"":225}}]",2,0,0,0,0,0,0,1980-01-01 00:00:00,2099-12-31 23:59:59,1,NOW(),NOW()
115120,4713,0,10000,"[{""name"":"""",""type"":""chara"",""args"":{""mCharaId"":10025007,""value"":1}},{""name"":"""",""type"":""point"",""args"":{""mPointId"":18,""value"":225}}]",2,0,0,0,0,0,0,1980-01-01 00:00:00,2099-12-31 23:59:59,1,NOW(),NOW()
115121,4713,0,10000,"[{""name"":"""",""type"":""chara"",""args"":{""mCharaId"":10039002,""value"":1}},{""name"":"""",""type"":""point"",""args"":{""mPointId"":18,""value"":225}}]",2,0,0,0,0,0,0,1980-01-01 00:00:00,2099-12-31 23:59:59,1,NOW(),NOW()
115122,4713,0,10000,"[{""name"":"""",""type"":""chara"",""args"":{""mCharaId"":10026006,""value"":1}},{""name"":"""",""type"":""point"",""args"":{""mPointId"":18,""value"":225}}]",2,0,0,0,0,0,0,1980-01-01 00:00:00,2099-12-31 23:59:59,1,NOW(),NOW()
115123,4713,0,10000,"[{""name"":"""",""type"":""chara"",""args"":{""mCharaId"":10007007,""value"":1}},{""name"":"""",""type"":""point"",""args"":{""mPointId"":18,""value"":225}}]",2,0,0,0,0,0,0,1980-01-01 00:00:00,2099-12-31 23:59:59,1,NOW(),NOW()
115124,4713,0,10000,"[{""name"":"""",""type"":""chara"",""args"":{""mCharaId"":10016007,""value"":1}},{""name"":"""",""type"":""point"",""args"":{""mPointId"":18,""value"":225}}]",2,0,0,0,0,0,0,1980-01-01 00:00:00,2099-12-31 23:59:59,1,NOW(),NOW()
115125,4713,0,10000,"[{""name"":"""",""type"":""chara"",""args"":{""mCharaId"":10033003,""value"":1}},{""name"":"""",""type"":""point"",""args"":{""mPointId"":18,""value"":225}}]",2,0,0,0,0,0,0,1980-01-01 00:00:00,2099-12-31 23:59:59,1,NOW(),NOW()
115126,4713,0,10000,"[{""name"":"""",""type"":""chara"",""args"":{""mCharaId"":10003001,""value"":1}},{""name"":"""",""type"":""point"",""args"":{""mPointId"":18,""value"":225}}]",2,0,0,0,0,0,0,1980-01-01 00:00:00,2099-12-31 23:59:59,1,NOW(),NOW()
115127,4713,0,10000,"[{""name"":"""",""type"":""chara"",""args"":{""mCharaId"":10002001,""value"":1}},{""name"":"""",""type"":""point"",""args"":{""mPointId"":18,""value"":225}}]",2,0,0,0,0,0,0,1980-01-01 00:00:00,2099-12-31 23:59:59,1,NOW(),NOW()
115128,4713,0,10000,"[{""name"":"""",""type"":""chara"",""args"":{""mCharaId"":10001004,""value"":1}},{""name"":"""",""type"":""point"",""args"":{""mPointId"":18,""value"":150}}]",2,0,0,0,0,0,0,1980-01-01 00:00:00,2099-12-31 23:59:59,1,NOW(),NOW()
115129,4713,0,10000,"[{""name"":"""",""type"":""chara"",""args"":{""mCharaId"":10006003,""value"":1}},{""name"":"""",""type"":""point"",""args"":{""mPointId"":18,""value"":150}}]",2,0,0,0,0,0,0,1980-01-01 00:00:00,2099-12-31 23:59:59,1,NOW(),NOW()
115130,4713,0,10000,"[{""name"":"""",""type"":""chara"",""args"":{""mCharaId"":10007003,""value"":1}},{""name"":"""",""type"":""point"",""args"":{""mPointId"":18,""value"":150}}]",2,0,0,0,0,0,0,1980-01-01 00:00:00,2099-12-31 23:59:59,1,NOW(),NOW()
115131,4713,0,10000,"[{""name"":"""",""type"":""chara"",""args"":{""mCharaId"":10008003,""value"":1}},{""name"":"""",""type"":""point"",""args"":{""mPointId"":18,""value"":150}}]",2,0,0,0,0,0,0,1980-01-01 00:00:00,2099-12-31 23:59:59,1,NOW(),NOW()
115132,4713,0,10000,"[{""name"":"""",""type"":""chara"",""args"":{""mCharaId"":10009003,""value"":1}},{""name"":"""",""type"":""point"",""args"":{""mPointId"":18,""value"":150}}]",2,0,0,0,0,0,0,1980-01-01 00:00:00,2099-12-31 23:59:59,1,NOW(),NOW()
115133,4713,0,10000,"[{""name"":"""",""type"":""chara"",""args"":{""mCharaId"":10014003,""value"":1}},{""name"":"""",""type"":""point"",""args"":{""mPointId"":18,""value"":150}}]",2,0,0,0,0,0,0,1980-01-01 00:00:00,2099-12-31 23:59:59,1,NOW(),NOW()
115134,4713,0,10000,"[{""name"":"""",""type"":""chara"",""args"":{""mCharaId"":10015003,""value"":1}},{""name"":"""",""type"":""point"",""args"":{""mPointId"":18,""value"":150}}]",2,0,0,0,0,0,0,1980-01-01 00:00:00,2099-12-31 23:59:59,1,NOW(),NOW()
115135,4713,0,10000,"[{""name"":"""",""type"":""chara"",""args"":{""mCharaId"":10017003,""value"":1}},{""name"":"""",""type"":""point"",""args"":{""mPointId"":18,""value"":150}}]",2,0,0,0,0,0,0,1980-01-01 00:00:00,2099-12-31 23:59:59,1,NOW(),NOW()
115136,4713,0,10000,"[{""name"":"""",""type"":""chara"",""args"":{""mCharaId"":10022002,""value"":1}},{""name"":"""",""type"":""point"",""args"":{""mPointId"":18,""value"":150}}]",2,0,0,0,0,0,0,1980-01-01 00:00:00,2099-12-31 23:59:59,1,NOW(),NOW()
115137,4713,0,10000,"[{""name"":"""",""type"":""chara"",""args"":{""mCharaId"":10016003,""value"":1}},{""name"":"""",""type"":""point"",""args"":{""mPointId"":18,""value"":150}}]",2,0,0,0,0,0,0,1980-01-01 00:00:00,2099-12-31 23:59:59,1,NOW(),NOW()
115138,4713,0,10000,"[{""name"":"""",""type"":""chara"",""args"":{""mCharaId"":10021002,""value"":1}},{""name"":"""",""type"":""point"",""args"":{""mPointId"":18,""value"":150}}]",2,0,0,0,0,0,0,1980-01-01 00:00:00,2099-12-31 23:59:59,1,NOW(),NOW()
115139,4713,0,10000,"[{""name"":"""",""type"":""chara"",""args"":{""mCharaId"":10020002,""value"":1}},{""name"":"""",""type"":""point"",""args"":{""mPointId"":18,""value"":150}}]",2,0,0,0,0,0,0,1980-01-01 00:00:00,2099-12-31 23:59:59,1,NOW(),NOW()
115140,4713,0,10000,"[{""name"":"""",""type"":""chara"",""args"":{""mCharaId"":10025002,""value"":1}},{""name"":"""",""type"":""point"",""args"":{""mPointId"":18,""value"":150}}]",2,0,0,0,0,0,0,1980-01-01 00:00:00,2099-12-31 23:59:59,1,NOW(),NOW()
115141,4713,0,10000,"[{""name"":"""",""type"":""chara"",""args"":{""mCharaId"":10015004,""value"":1}},{""name"":"""",""type"":""point"",""args"":{""mPointId"":18,""value"":150}}]",2,0,0,0,0,0,0,1980-01-01 00:00:00,2099-12-31 23:59:59,1,NOW(),NOW()
115142,4713,0,10000,"[{""name"":"""",""type"":""chara"",""args"":{""mCharaId"":10001005,""value"":1}},{""name"":"""",""type"":""point"",""args"":{""mPointId"":18,""value"":150}}]",2,0,0,0,0,0,0,1980-01-01 00:00:00,2099-12-31 23:59:59,1,NOW(),NOW()
115143,4713,0,10000,"[{""name"":"""",""type"":""chara"",""args"":{""mCharaId"":10024002,""value"":1}},{""name"":"""",""type"":""point"",""args"":{""mPointId"":18,""value"":150}}]",2,0,0,0,0,0,0,1980-01-01 00:00:00,2099-12-31 23:59:59,1,NOW(),NOW()
115144,4713,0,10000,"[{""name"":"""",""type"":""chara"",""args"":{""mCharaId"":10008004,""value"":1}},{""name"":"""",""type"":""point"",""args"":{""mPointId"":18,""value"":150}}]",2,0,0,0,0,0,0,1980-01-01 00:00:00,2099-12-31 23:59:59,1,NOW(),NOW()
115145,4713,0,10000,"[{""name"":"""",""type"":""chara"",""args"":{""mCharaId"":10023002,""value"":1}},{""name"":"""",""type"":""point"",""args"":{""mPointId"":18,""value"":150}}]",2,0,0,0,0,0,0,1980-01-01 00:00:00,2099-12-31 23:59:59,1,NOW(),NOW()
115146,4713,0,10000,"[{""name"":"""",""type"":""chara"",""args"":{""mCharaId"":10016004,""value"":1}},{""name"":"""",""type"":""point"",""args"":{""mPointId"":18,""value"":150}}]",2,0,0,0,0,0,0,1980-01-01 00:00:00,2099-12-31 23:59:59,1,NOW(),NOW()
115147,4713,0,10000,"[{""name"":"""",""type"":""chara"",""args"":{""mCharaId"":10007004,""value"":1}},{""name"":"""",""type"":""point"",""args"":{""mPointId"":18,""value"":150}}]",2,0,0,0,0,0,0,1980-01-01 00:00:00,2099-12-31 23:59:59,1,NOW(),NOW()
115148,4713,0,10000,"[{""name"":"""",""type"":""chara"",""args"":{""mCharaId"":10029002,""value"":1}},{""name"":"""",""type"":""point"",""args"":{""mPointId"":18,""value"":150}}]",2,0,0,0,0,0,0,1980-01-01 00:00:00,2099-12-31 23:59:59,1,NOW(),NOW()
115149,4713,0,10000,"[{""name"":"""",""type"":""chara"",""args"":{""mCharaId"":10022003,""value"":1}},{""name"":"""",""type"":""point"",""args"":{""mPointId"":18,""value"":150}}]",2,0,0,0,0,0,0,1980-01-01 00:00:00,2099-12-31 23:59:59,1,NOW(),NOW()
115150,4713,0,10000,"[{""name"":"""",""type"":""chara"",""args"":{""mCharaId"":10021003,""value"":1}},{""name"":"""",""type"":""point"",""args"":{""mPointId"":18,""value"":150}}]",2,0,0,0,0,0,0,1980-01-01 00:00:00,2099-12-31 23:59:59,1,NOW(),NOW()
115151,4713,0,10000,"[{""name"":"""",""type"":""chara"",""args"":{""mCharaId"":10031002,""value"":1}},{""name"":"""",""type"":""point"",""args"":{""mPointId"":18,""value"":150}}]",2,0,0,0,0,0,0,1980-01-01 00:00:00,2099-12-31 23:59:59,1,NOW(),NOW()
115152,4713,0,10000,"[{""name"":"""",""type"":""chara"",""args"":{""mCharaId"":10026002,""value"":1}},{""name"":"""",""type"":""point"",""args"":{""mPointId"":18,""value"":150}}]",2,0,0,0,0,0,0,1980-01-01 00:00:00,2099-12-31 23:59:59,1,NOW(),NOW()
115153,4713,0,10000,"[{""name"":"""",""type"":""chara"",""args"":{""mCharaId"":10030002,""value"":1}},{""name"":"""",""type"":""point"",""args"":{""mPointId"":18,""value"":150}}]",2,0,0,0,0,0,0,1980-01-01 00:00:00,2099-12-31 23:59:59,1,NOW(),NOW()
115154,4713,0,10000,"[{""name"":"""",""type"":""chara"",""args"":{""mCharaId"":10028002,""value"":1}},{""name"":"""",""type"":""point"",""args"":{""mPointId"":18,""value"":150}}]",2,0,0,0,0,0,0,1980-01-01 00:00:00,2099-12-31 23:59:59,1,NOW(),NOW()
115155,4713,0,10000,"[{""name"":"""",""type"":""chara"",""args"":{""mCharaId"":10014004,""value"":1}},{""name"":"""",""type"":""point"",""args"":{""mPointId"":18,""value"":150}}]",2,0,0,0,0,0,0,1980-01-01 00:00:00,2099-12-31 23:59:59,1,NOW(),NOW()
115156,4713,0,10000,"[{""name"":"""",""type"":""chara"",""args"":{""mCharaId"":10025003,""value"":1}},{""name"":"""",""type"":""point"",""args"":{""mPointId"":18,""value"":150}}]",2,0,0,0,0,0,0,1980-01-01 00:00:00,2099-12-31 23:59:59,1,NOW(),NOW()
115157,4713,0,10000,"[{""name"":"""",""type"":""chara"",""args"":{""mCharaId"":10032002,""value"":1}},{""name"":"""",""type"":""point"",""args"":{""mPointId"":18,""value"":150}}]",2,0,0,0,0,0,0,1980-01-01 00:00:00,2099-12-31 23:59:59,1,NOW(),NOW()
115158,4713,0,10000,"[{""name"":"""",""type"":""chara"",""args"":{""mCharaId"":10001006,""value"":1}},{""name"":"""",""type"":""point"",""args"":{""mPointId"":18,""value"":150}}]",2,0,0,0,0,0,0,1980-01-01 00:00:00,2099-12-31 23:59:59,1,NOW(),NOW()
115159,4713,0,10000,"[{""name"":"""",""type"":""chara"",""args"":{""mCharaId"":10022004,""value"":1}},{""name"":"""",""type"":""point"",""args"":{""mPointId"":18,""value"":150}}]",2,0,0,0,0,0,0,1980-01-01 00:00:00,2099-12-31 23:59:59,1,NOW(),NOW()
115160,4713,0,10000,"[{""name"":"""",""type"":""chara"",""args"":{""mCharaId"":10025004,""value"":1}},{""name"":"""",""type"":""point"",""args"":{""mPointId"":18,""value"":150}}]",2,0,0,0,0,0,0,1980-01-01 00:00:00,2099-12-31 23:59:59,1,NOW(),NOW()
115161,4713,0,10000,"[{""name"":"""",""type"":""chara"",""args"":{""mCharaId"":10008005,""value"":1}},{""name"":"""",""type"":""point"",""args"":{""mPointId"":18,""value"":150}}]",2,0,0,0,0,0,0,1980-01-01 00:00:00,2099-12-31 23:59:59,1,NOW(),NOW()
115162,4713,0,10000,"[{""name"":"""",""type"":""chara"",""args"":{""mCharaId"":10009004,""value"":1}},{""name"":"""",""type"":""point"",""args"":{""mPointId"":18,""value"":150}}]",2,0,0,0,0,0,0,1980-01-01 00:00:00,2099-12-31 23:59:59,1,NOW(),NOW()
115163,4713,0,10000,"[{""name"":"""",""type"":""chara"",""args"":{""mCharaId"":10004003,""value"":1}},{""name"":"""",""type"":""point"",""args"":{""mPointId"":18,""value"":150}}]",2,0,0,0,0,0,0,1980-01-01 00:00:00,2099-12-31 23:59:59,1,NOW(),NOW()
115164,4713,0,10000,"[{""name"":"""",""type"":""chara"",""args"":{""mCharaId"":10015006,""value"":1}},{""name"":"""",""type"":""point"",""args"":{""mPointId"":18,""value"":150}}]",2,0,0,0,0,0,0,1980-01-01 00:00:00,2099-12-31 23:59:59,1,NOW(),NOW()
115165,4713,0,10000,"[{""name"":"""",""type"":""chara"",""args"":{""mCharaId"":10022005,""value"":1}},{""name"":"""",""type"":""point"",""args"":{""mPointId"":18,""value"":150}}]",2,0,0,0,0,0,0,1980-01-01 00:00:00,2099-12-31 23:59:59,1,NOW(),NOW()
115166,4713,0,10000,"[{""name"":"""",""type"":""chara"",""args"":{""mCharaId"":10021006,""value"":1}},{""name"":"""",""type"":""point"",""args"":{""mPointId"":18,""value"":150}}]",2,0,0,0,0,0,0,1980-01-01 00:00:00,2099-12-31 23:59:59,1,NOW(),NOW()
115167,4713,0,10000,"[{""name"":"""",""type"":""chara"",""args"":{""mCharaId"":10026003,""value"":1}},{""name"":"""",""type"":""point"",""args"":{""mPointId"":18,""value"":150}}]",2,0,0,0,0,0,0,1980-01-01 00:00:00,2099-12-31 23:59:59,1,NOW(),NOW()
115168,4713,0,10000,"[{""name"":"""",""type"":""chara"",""args"":{""mCharaId"":10017004,""value"":1}},{""name"":"""",""type"":""point"",""args"":{""mPointId"":18,""value"":150}}]",2,0,0,0,0,0,0,1980-01-01 00:00:00,2099-12-31 23:59:59,1,NOW(),NOW()
115169,4713,0,10000,"[{""name"":"""",""type"":""chara"",""args"":{""mCharaId"":10024003,""value"":1}},{""name"":"""",""type"":""point"",""args"":{""mPointId"":18,""value"":150}}]",2,0,0,0,0,0,0,1980-01-01 00:00:00,2099-12-31 23:59:59,1,NOW(),NOW()
115170,4713,0,10000,"[{""name"":"""",""type"":""chara"",""args"":{""mCharaId"":10034001,""value"":1}},{""name"":"""",""type"":""point"",""args"":{""mPointId"":18,""value"":150}}]",2,0,0,0,0,0,0,1980-01-01 00:00:00,2099-12-31 23:59:59,1,NOW(),NOW()
115171,4713,0,10000,"[{""name"":"""",""type"":""chara"",""args"":{""mCharaId"":10033001,""value"":1}},{""name"":"""",""type"":""point"",""args"":{""mPointId"":18,""value"":150}}]",2,0,0,0,0,0,0,1980-01-01 00:00:00,2099-12-31 23:59:59,1,NOW(),NOW()
115172,4713,0,10000,"[{""name"":"""",""type"":""chara"",""args"":{""mCharaId"":10022006,""value"":1}},{""name"":"""",""type"":""point"",""args"":{""mPointId"":18,""value"":150}}]",2,0,0,0,0,0,0,1980-01-01 00:00:00,2099-12-31 23:59:59,1,NOW(),NOW()
115173,4713,0,10000,"[{""name"":"""",""type"":""chara"",""args"":{""mCharaId"":10015007,""value"":1}},{""name"":"""",""type"":""point"",""args"":{""mPointId"":18,""value"":150}}]",2,0,0,0,0,0,0,1980-01-01 00:00:00,2099-12-31 23:59:59,1,NOW(),NOW()
115174,4713,0,10000,"[{""name"":"""",""type"":""chara"",""args"":{""mCharaId"":10035001,""value"":1}},{""name"":"""",""type"":""point"",""args"":{""mPointId"":18,""value"":150}}]",2,0,0,0,0,0,0,1980-01-01 00:00:00,2099-12-31 23:59:59,1,NOW(),NOW()
115175,4713,0,10000,"[{""name"":"""",""type"":""chara"",""args"":{""mCharaId"":10036001,""value"":1}},{""name"":"""",""type"":""point"",""args"":{""mPointId"":18,""value"":150}}]",2,0,0,0,0,0,0,1980-01-01 00:00:00,2099-12-31 23:59:59,1,NOW(),NOW()
115176,4713,0,10000,"[{""name"":"""",""type"":""chara"",""args"":{""mCharaId"":10023003,""value"":1}},{""name"":"""",""type"":""point"",""args"":{""mPointId"":18,""value"":150}}]",2,0,0,0,0,0,0,1980-01-01 00:00:00,2099-12-31 23:59:59,1,NOW(),NOW()
115177,4713,0,10000,"[{""name"":"""",""type"":""chara"",""args"":{""mCharaId"":10009005,""value"":1}},{""name"":"""",""type"":""point"",""args"":{""mPointId"":18,""value"":150}}]",2,0,0,0,0,0,0,1980-01-01 00:00:00,2099-12-31 23:59:59,1,NOW(),NOW()
115178,4713,0,10000,"[{""name"":"""",""type"":""chara"",""args"":{""mCharaId"":10037001,""value"":1}},{""name"":"""",""type"":""point"",""args"":{""mPointId"":18,""value"":150}}]",2,0,0,0,0,0,0,1980-01-01 00:00:00,2099-12-31 23:59:59,1,NOW(),NOW()
115179,4713,0,10000,"[{""name"":"""",""type"":""chara"",""args"":{""mCharaId"":10025005,""value"":1}},{""name"":"""",""type"":""point"",""args"":{""mPointId"":18,""value"":150}}]",2,0,0,0,0,0,0,1980-01-01 00:00:00,2099-12-31 23:59:59,1,NOW(),NOW()
115180,4713,0,10000,"[{""name"":"""",""type"":""chara"",""args"":{""mCharaId"":10007006,""value"":1}},{""name"":"""",""type"":""point"",""args"":{""mPointId"":18,""value"":150}}]",2,0,0,0,0,0,0,1980-01-01 00:00:00,2099-12-31 23:59:59,1,NOW(),NOW()
115181,4713,0,10000,"[{""name"":"""",""type"":""chara"",""args"":{""mCharaId"":10038001,""value"":1}},{""name"":"""",""type"":""point"",""args"":{""mPointId"":18,""value"":150}}]",2,0,0,0,0,0,0,1980-01-01 00:00:00,2099-12-31 23:59:59,1,NOW(),NOW()
115182,4713,0,10000,"[{""name"":"""",""type"":""chara"",""args"":{""mCharaId"":10008007,""value"":1}},{""name"":"""",""type"":""point"",""args"":{""mPointId"":18,""value"":150}}]",2,0,0,0,0,0,0,1980-01-01 00:00:00,2099-12-31 23:59:59,1,NOW(),NOW()
115183,4713,0,10000,"[{""name"":"""",""type"":""chara"",""args"":{""mCharaId"":10001008,""value"":1}},{""name"":"""",""type"":""point"",""args"":{""mPointId"":18,""value"":150}}]",2,0,0,0,0,0,0,1980-01-01 00:00:00,2099-12-31 23:59:59,1,NOW(),NOW()
115184,4713,0,10000,"[{""name"":"""",""type"":""chara"",""args"":{""mCharaId"":10035002,""value"":1}},{""name"":"""",""type"":""point"",""args"":{""mPointId"":18,""value"":150}}]",2,0,0,0,0,0,0,1980-01-01 00:00:00,2099-12-31 23:59:59,1,NOW(),NOW()
115185,4713,0,10000,"[{""name"":"""",""type"":""chara"",""args"":{""mCharaId"":10040001,""value"":1}},{""name"":"""",""type"":""point"",""args"":{""mPointId"":18,""value"":150}}]",2,0,0,0,0,0,0,1980-01-01 00:00:00,2099-12-31 23:59:59,1,NOW(),NOW()
115186,4713,0,10000,"[{""name"":"""",""type"":""chara"",""args"":{""mCharaId"":10039001,""value"":1}},{""name"":"""",""type"":""point"",""args"":{""mPointId"":18,""value"":150}}]",2,0,0,0,0,0,0,1980-01-01 00:00:00,2099-12-31 23:59:59,1,NOW(),NOW()
115187,4713,0,10000,"[{""name"":"""",""type"":""chara"",""args"":{""mCharaId"":10022007,""value"":1}},{""name"":"""",""type"":""point"",""args"":{""mPointId"":18,""value"":150}}]",2,0,0,0,0,0,0,1980-01-01 00:00:00,2099-12-31 23:59:59,1,NOW(),NOW()
115188,4713,0,10000,"[{""name"":"""",""type"":""chara"",""args"":{""mCharaId"":10026005,""value"":1}},{""name"":"""",""type"":""point"",""args"":{""mPointId"":18,""value"":150}}]",2,0,0,0,0,0,0,1980-01-01 00:00:00,2099-12-31 23:59:59,1,NOW(),NOW()
115189,4713,0,10000,"[{""name"":"""",""type"":""chara"",""args"":{""mCharaId"":10016006,""value"":1}},{""name"":"""",""type"":""point"",""args"":{""mPointId"":18,""value"":150}}]",2,0,0,0,0,0,0,1980-01-01 00:00:00,2099-12-31 23:59:59,1,NOW(),NOW()
115190,4713,0,10000,"[{""name"":"""",""type"":""chara"",""args"":{""mCharaId"":10021007,""value"":1}},{""name"":"""",""type"":""point"",""args"":{""mPointId"":18,""value"":150}}]",2,0,0,0,0,0,0,1980-01-01 00:00:00,2099-12-31 23:59:59,1,NOW(),NOW()
115191,4713,0,10000,"[{""name"":"""",""type"":""chara"",""args"":{""mCharaId"":10034002,""value"":1}},{""name"":"""",""type"":""point"",""args"":{""mPointId"":18,""value"":150}}]",2,0,0,0,0,0,0,1980-01-01 00:00:00,2099-12-31 23:59:59,1,NOW(),NOW()
115192,4713,0,10000,"[{""name"":"""",""type"":""chara"",""args"":{""mCharaId"":10033002,""value"":1}},{""name"":"""",""type"":""point"",""args"":{""mPointId"":18,""value"":150}}]",2,0,0,0,0,0,0,1980-01-01 00:00:00,2099-12-31 23:59:59,1,NOW(),NOW()
115968,4713,0,10000,"[{""name"":"""",""type"":""chara"",""args"":{""mCharaId"":10006004,""value"":1}},{""name"":"""",""type"":""point"",""args"":{""mPointId"":18,""value"":150}}]",2,0,0,0,0,0,0,1980-01-01 00:00:00,2099-12-31 23:59:59,1,NOW(),NOW()
118848,4713,0,10000,"[{""name"":"""",""type"":""chara"",""args"":{""mCharaId"":10035003,""value"":1}},{""name"":"""",""type"":""point"",""args"":{""mPointId"":18,""value"":150}}]",2,0,0,0,0,0,0,1980-01-01 00:00:00,2099-12-31 23:59:59,1,NOW(),NOW()
121121,4713,0,10000,"[{""name"":"""",""type"":""chara"",""args"":{""mCharaId"":10040002,""value"":1}},{""name"":"""",""type"":""point"",""args"":{""mPointId"":18,""value"":150}}]",2,0,0,0,0,0,0,1980-01-01 00:00:00,2099-12-31 23:59:59,1,NOW(),NOW()
121122,4713,0,10000,"[{""name"":"""",""type"":""chara"",""args"":{""mCharaId"":10036002,""value"":1}},{""name"":"""",""type"":""point"",""args"":{""mPointId"":18,""value"":150}}]",2,0,0,0,0,0,0,1980-01-01 00:00:00,2099-12-31 23:59:59,1,NOW(),NOW()
123709,5044,0,10000,"[{""name"":"""",""type"":""chara"",""args"":{""mCharaId"":10027001,""value"":1}},{""name"":"""",""type"":""point"",""args"":{""mPointId"":18,""value"":225}}]",2,0,0,0,0,0,0,1980-01-01 00:00:00,2099-12-31 23:59:59,1,NOW(),NOW()
123710,5044,0,10000,"[{""name"":"""",""type"":""chara"",""args"":{""mCharaId"":10025006,""value"":1}},{""name"":"""",""type"":""point"",""args"":{""mPointId"":18,""value"":225}}]",2,0,0,0,0,0,0,1980-01-01 00:00:00,2099-12-31 23:59:59,1,NOW(),NOW()
123711,5044,0,10000,"[{""name"":"""",""type"":""chara"",""args"":{""mCharaId"":10015008,""value"":1}},{""name"":"""",""type"":""point"",""args"":{""mPointId"":18,""value"":225}}]",2,0,0,0,0,0,0,1980-01-01 00:00:00,2099-12-31 23:59:59,1,NOW(),NOW()
123712,5044,0,10000,"[{""name"":"""",""type"":""chara"",""args"":{""mCharaId"":10001009,""value"":1}},{""name"":"""",""type"":""point"",""args"":{""mPointId"":18,""value"":225}}]",2,0,0,0,0,0,0,1980-01-01 00:00:00,2099-12-31 23:59:59,1,NOW(),NOW()
123713,5044,0,10000,"[{""name"":"""",""type"":""chara"",""args"":{""mCharaId"":10008008,""value"":1}},{""name"":"""",""type"":""point"",""args"":{""mPointId"":18,""value"":225}}]",2,0,0,0,0,0,0,1980-01-01 00:00:00,2099-12-31 23:59:59,1,NOW(),NOW()
123714,5044,0,10000,"[{""name"":"""",""type"":""chara"",""args"":{""mCharaId"":10022008,""value"":1}},{""name"":"""",""type"":""point"",""args"":{""mPointId"":18,""value"":225}}]",2,0,0,0,0,0,0,1980-01-01 00:00:00,2099-12-31 23:59:59,1,NOW(),NOW()
123715,5044,0,10000,"[{""name"":"""",""type"":""chara"",""args"":{""mCharaId"":10015009,""value"":1}},{""name"":"""",""type"":""point"",""args"":{""mPointId"":18,""value"":225}}]",2,0,0,0,0,0,0,1980-01-01 00:00:00,2099-12-31 23:59:59,1,NOW(),NOW()
123716,5044,0,10000,"[{""name"":"""",""type"":""chara"",""args"":{""mCharaId"":10027002,""value"":1}},{""name"":"""",""type"":""point"",""args"":{""mPointId"":18,""value"":225}}]",2,0,0,0,0,0,0,1980-01-01 00:00:00,2099-12-31 23:59:59,1,NOW(),NOW()
123717,5044,0,10000,"[{""name"":"""",""type"":""chara"",""args"":{""mCharaId"":10021008,""value"":1}},{""name"":"""",""type"":""point"",""args"":{""mPointId"":18,""value"":225}}]",2,0,0,0,0,0,0,1980-01-01 00:00:00,2099-12-31 23:59:59,1,NOW(),NOW()
123718,5044,0,10000,"[{""name"":"""",""type"":""chara"",""args"":{""mCharaId"":10025007,""value"":1}},{""name"":"""",""type"":""point"",""args"":{""mPointId"":18,""value"":225}}]",2,0,0,0,0,0,0,1980-01-01 00:00:00,2099-12-31 23:59:59,1,NOW(),NOW()
123719,5044,0,10000,"[{""name"":"""",""type"":""chara"",""args"":{""mCharaId"":10039002,""value"":1}},{""name"":"""",""type"":""point"",""args"":{""mPointId"":18,""value"":225}}]",2,0,0,0,0,0,0,1980-01-01 00:00:00,2099-12-31 23:59:59,1,NOW(),NOW()
123720,5044,0,10000,"[{""name"":"""",""type"":""chara"",""args"":{""mCharaId"":10026006,""value"":1}},{""name"":"""",""type"":""point"",""args"":{""mPointId"":18,""value"":225}}]",2,0,0,0,0,0,0,1980-01-01 00:00:00,2099-12-31 23:59:59,1,NOW(),NOW()
123721,5044,0,10000,"[{""name"":"""",""type"":""chara"",""args"":{""mCharaId"":10007007,""value"":1}},{""name"":"""",""type"":""point"",""args"":{""mPointId"":18,""value"":225}}]",2,0,0,0,0,0,0,1980-01-01 00:00:00,2099-12-31 23:59:59,1,NOW(),NOW()
123722,5044,0,10000,"[{""name"":"""",""type"":""chara"",""args"":{""mCharaId"":10016007,""value"":1}},{""name"":"""",""type"":""point"",""args"":{""mPointId"":18,""value"":225}}]",2,0,0,0,0,0,0,1980-01-01 00:00:00,2099-12-31 23:59:59,1,NOW(),NOW()
123723,5044,0,10000,"[{""name"":"""",""type"":""chara"",""args"":{""mCharaId"":10033003,""value"":1}},{""name"":"""",""type"":""point"",""args"":{""mPointId"":18,""value"":225}}]",2,0,0,0,0,0,0,1980-01-01 00:00:00,2099-12-31 23:59:59,1,NOW(),NOW()
123724,5044,0,10000,"[{""name"":"""",""type"":""chara"",""args"":{""mCharaId"":10035004,""value"":1}},{""name"":"""",""type"":""point"",""args"":{""mPointId"":18,""value"":225}}]",2,0,0,0,0,0,0,1980-01-01 00:00:00,2099-12-31 23:59:59,1,NOW(),NOW()
123725,5044,0,10000,"[{""name"":"""",""type"":""chara"",""args"":{""mCharaId"":10036003,""value"":1}},{""name"":"""",""type"":""point"",""args"":{""mPointId"":18,""value"":225}}]",2,0,0,0,0,0,0,1980-01-01 00:00:00,2099-12-31 23:59:59,1,NOW(),NOW()
123726,5044,0,10000,"[{""name"":"""",""type"":""chara"",""args"":{""mCharaId"":10003001,""value"":1}},{""name"":"""",""type"":""point"",""args"":{""mPointId"":18,""value"":225}}]",2,0,0,0,0,0,0,1980-01-01 00:00:00,2099-12-31 23:59:59,1,NOW(),NOW()
123727,5044,0,10000,"[{""name"":"""",""type"":""chara"",""args"":{""mCharaId"":10002001,""value"":1}},{""name"":"""",""type"":""point"",""args"":{""mPointId"":18,""value"":225}}]",2,0,0,0,0,0,0,1980-01-01 00:00:00,2099-12-31 23:59:59,1,NOW(),NOW()
123728,5044,0,10000,"[{""name"":"""",""type"":""chara"",""args"":{""mCharaId"":10029003,""value"":1}},{""name"":"""",""type"":""point"",""args"":{""mPointId"":18,""value"":225}}]",2,0,0,0,0,0,0,1980-01-01 00:00:00,2099-12-31 23:59:59,1,NOW(),NOW()
123729,5044,0,10000,"[{""name"":"""",""type"":""chara"",""args"":{""mCharaId"":90000155,""value"":1}},{""name"":"""",""type"":""point"",""args"":{""mPointId"":18,""value"":225}}]",2,0,0,0,0,0,0,1980-01-01 00:00:00,2099-12-31 23:59:59,1,NOW(),NOW()
123730,5044,0,10000,"[{""name"":"""",""type"":""chara"",""args"":{""mCharaId"":90000164,""value"":1}},{""name"":"""",""type"":""point"",""args"":{""mPointId"":18,""value"":225}}]",2,0,0,0,0,0,0,1980-01-01 00:00:00,2099-12-31 23:59:59,1,NOW(),NOW()
123731,5044,0,10000,"[{""name"":"""",""type"":""chara"",""args"":{""mCharaId"":90000169,""value"":1}},{""name"":"""",""type"":""point"",""args"":{""mPointId"":18,""value"":225}}]",2,0,0,0,0,0,0,1980-01-01 00:00:00,2099-12-31 23:59:59,1,NOW(),NOW()
123732,5044,0,10000,"[{""name"":"""",""type"":""chara"",""args"":{""mCharaId"":90000174,""value"":1}},{""name"":"""",""type"":""point"",""args"":{""mPointId"":18,""value"":225}}]",2,0,0,0,0,0,0,1980-01-01 00:00:00,2099-12-31 23:59:59,1,NOW(),NOW()
123733,5044,0,10000,"[{""name"":"""",""type"":""chara"",""args"":{""mCharaId"":90000178,""value"":1}},{""name"":"""",""type"":""point"",""args"":{""mPointId"":18,""value"":225}}]",2,0,0,0,0,0,0,1980-01-01 00:00:00,2099-12-31 23:59:59,1,NOW(),NOW()
123734,5044,0,10000,"[{""name"":"""",""type"":""chara"",""args"":{""mCharaId"":90000180,""value"":1}},{""name"":"""",""type"":""point"",""args"":{""mPointId"":18,""value"":225}}]",2,0,0,0,0,0,0,1980-01-01 00:00:00,2099-12-31 23:59:59,1,NOW(),NOW()
123735,5044,0,10000,"[{""name"":"""",""type"":""chara"",""args"":{""mCharaId"":90000182,""value"":1}},{""name"":"""",""type"":""point"",""args"":{""mPointId"":18,""value"":225}}]",2,0,0,0,0,0,0,1980-01-01 00:00:00,2099-12-31 23:59:59,1,NOW(),NOW()
123736,5044,0,10000,"[{""name"":"""",""type"":""chara"",""args"":{""mCharaId"":90000183,""value"":1}},{""name"":"""",""type"":""point"",""args"":{""mPointId"":18,""value"":225}}]",2,0,0,0,0,0,0,1980-01-01 00:00:00,2099-12-31 23:59:59,1,NOW(),NOW()
123737,5044,0,10000,"[{""name"":"""",""type"":""chara"",""args"":{""mCharaId"":90000187,""value"":1}},{""name"":"""",""type"":""point"",""args"":{""mPointId"":18,""value"":225}}]",2,0,0,0,0,0,0,1980-01-01 00:00:00,2099-12-31 23:59:59,1,NOW(),NOW()
123738,5044,0,10000,"[{""name"":"""",""type"":""chara"",""args"":{""mCharaId"":90000188,""value"":1}},{""name"":"""",""type"":""point"",""args"":{""mPointId"":18,""value"":225}}]",2,0,0,0,0,0,0,1980-01-01 00:00:00,2099-12-31 23:59:59,1,NOW(),NOW()
123739,5045,0,10000,"[{""name"":"""",""type"":""chara"",""args"":{""mCharaId"":10027001,""value"":1}},{""name"":"""",""type"":""point"",""args"":{""mPointId"":18,""value"":225}}]",2,0,0,0,0,0,0,1980-01-01 00:00:00,2099-12-31 23:59:59,1,NOW(),NOW()
123740,5045,0,10000,"[{""name"":"""",""type"":""chara"",""args"":{""mCharaId"":10025006,""value"":1}},{""name"":"""",""type"":""point"",""args"":{""mPointId"":18,""value"":225}}]",2,0,0,0,0,0,0,1980-01-01 00:00:00,2099-12-31 23:59:59,1,NOW(),NOW()
123741,5045,0,10000,"[{""name"":"""",""type"":""chara"",""args"":{""mCharaId"":10015008,""value"":1}},{""name"":"""",""type"":""point"",""args"":{""mPointId"":18,""value"":225}}]",2,0,0,0,0,0,0,1980-01-01 00:00:00,2099-12-31 23:59:59,1,NOW(),NOW()
123742,5045,0,10000,"[{""name"":"""",""type"":""chara"",""args"":{""mCharaId"":10001009,""value"":1}},{""name"":"""",""type"":""point"",""args"":{""mPointId"":18,""value"":225}}]",2,0,0,0,0,0,0,1980-01-01 00:00:00,2099-12-31 23:59:59,1,NOW(),NOW()
123743,5045,0,10000,"[{""name"":"""",""type"":""chara"",""args"":{""mCharaId"":10008008,""value"":1}},{""name"":"""",""type"":""point"",""args"":{""mPointId"":18,""value"":225}}]",,0,0,0,0,0,0,1980-01-01 00:00:00,2099-12-31 23:59:59,1,NOW(),NOW()
123744,5045,0,10000,"[{""name"":"""",""type"":""chara"",""args"":{""mCharaId"":10022008,""value"":1}},{""name"":"""",""type"":""point"",""args"":{""mPointId"":18,""value"":225}}]",,0,0,0,0,0,0,1980-01-01 00:00:00,2099-12-31 23:59:59,1,NOW(),NOW()
123745,5045,0,10000,"[{""name"":"""",""type"":""chara"",""args"":{""mCharaId"":10015009,""value"":1}},{""name"":"""",""type"":""point"",""args"":{""mPointId"":18,""value"":225}}]",,0,0,0,0,0,0,1980-01-01 00:00:00,2099-12-31 23:59:59,1,NOW(),NOW()
123746,5045,0,10000,"[{""name"":"""",""type"":""chara"",""args"":{""mCharaId"":10027002,""value"":1}},{""name"":"""",""type"":""point"",""args"":{""mPointId"":18,""value"":225}}]",,0,0,0,0,0,0,1980-01-01 00:00:00,2099-12-31 23:59:59,1,NOW(),NOW()
123747,5045,0,10000,"[{""name"":"""",""type"":""chara"",""args"":{""mCharaId"":10021008,""value"":1}},{""name"":"""",""type"":""point"",""args"":{""mPointId"":18,""value"":225}}]",,0,0,0,0,0,0,1980-01-01 00:00:00,2099-12-31 23:59:59,1,NOW(),NOW()
123748,5045,0,10000,"[{""name"":"""",""type"":""chara"",""args"":{""mCharaId"":10025007,""value"":1}},{""name"":"""",""type"":""point"",""args"":{""mPointId"":18,""value"":225}}]",,0,0,0,0,0,0,1980-01-01 00:00:00,2099-12-31 23:59:59,1,NOW(),NOW()
123749,5045,0,10000,"[{""name"":"""",""type"":""chara"",""args"":{""mCharaId"":10039002,""value"":1}},{""name"":"""",""type"":""point"",""args"":{""mPointId"":18,""value"":225}}]",,0,0,0,0,0,0,1980-01-01 00:00:00,2099-12-31 23:59:59,1,NOW(),NOW()
123750,5045,0,10000,"[{""name"":"""",""type"":""chara"",""args"":{""mCharaId"":10026006,""value"":1}},{""name"":"""",""type"":""point"",""args"":{""mPointId"":18,""value"":225}}]",,0,0,0,0,0,0,1980-01-01 00:00:00,2099-12-31 23:59:59,1,NOW(),NOW()
123751,5045,0,10000,"[{""name"":"""",""type"":""chara"",""args"":{""mCharaId"":10007007,""value"":1}},{""name"":"""",""type"":""point"",""args"":{""mPointId"":18,""value"":225}}]",,0,0,0,0,0,0,1980-01-01 00:00:00,2099-12-31 23:59:59,1,NOW(),NOW()
123752,5045,0,10000,"[{""name"":"""",""type"":""chara"",""args"":{""mCharaId"":10016007,""value"":1}},{""name"":"""",""type"":""point"",""args"":{""mPointId"":18,""value"":225}}]",,0,0,0,0,0,0,1980-01-01 00:00:00,2099-12-31 23:59:59,1,NOW(),NOW()
123753,5045,0,10000,"[{""name"":"""",""type"":""chara"",""args"":{""mCharaId"":10033003,""value"":1}},{""name"":"""",""type"":""point"",""args"":{""mPointId"":18,""value"":225}}]",,0,0,0,0,0,0,1980-01-01 00:00:00,2099-12-31 23:59:59,1,NOW(),NOW()
123754,5045,0,10000,"[{""name"":"""",""type"":""chara"",""args"":{""mCharaId"":10035004,""value"":1}},{""name"":"""",""type"":""point"",""args"":{""mPointId"":18,""value"":225}}]",,0,0,0,0,0,0,1980-01-01 00:00:00,2099-12-31 23:59:59,1,NOW(),NOW()
123755,5045,0,10000,"[{""name"":"""",""type"":""chara"",""args"":{""mCharaId"":10036003,""value"":1}},{""name"":"""",""type"":""point"",""args"":{""mPointId"":18,""value"":225}}]",,0,0,0,0,0,0,1980-01-01 00:00:00,2099-12-31 23:59:59,1,NOW(),NOW()
123756,5045,0,10000,"[{""name"":"""",""type"":""chara"",""args"":{""mCharaId"":10003001,""value"":1}},{""name"":"""",""type"":""point"",""args"":{""mPointId"":18,""value"":225}}]",,0,0,0,0,0,0,1980-01-01 00:00:00,2099-12-31 23:59:59,1,NOW(),NOW()
123757,5045,0,10000,"[{""name"":"""",""type"":""chara"",""args"":{""mCharaId"":10002001,""value"":1}},{""name"":"""",""type"":""point"",""args"":{""mPointId"":18,""value"":225}}]",,0,0,0,0,0,0,1980-01-01 00:00:00,2099-12-31 23:59:59,1,NOW(),NOW()
123758,5045,0,10000,"[{""name"":"""",""type"":""chara"",""args"":{""mCharaId"":10029003,""value"":1}},{""name"":"""",""type"":""point"",""args"":{""mPointId"":18,""value"":225}}]",,0,0,0,0,0,0,1980-01-01 00:00:00,2099-12-31 23:59:59,1,NOW(),NOW()
123759,5045,0,10000,"[{""name"":"""",""type"":""chara"",""args"":{""mCharaId"":90000155,""value"":1}},{""name"":"""",""type"":""point"",""args"":{""mPointId"":18,""value"":225}}]",,0,0,0,0,0,0,1980-01-01 00:00:00,2099-12-31 23:59:59,1,NOW(),NOW()
123760,5045,0,10000,"[{""name"":"""",""type"":""chara"",""args"":{""mCharaId"":90000164,""value"":1}},{""name"":"""",""type"":""point"",""args"":{""mPointId"":18,""value"":225}}]",,0,0,0,0,0,0,1980-01-01 00:00:00,2099-12-31 23:59:59,1,NOW(),NOW()
123761,5045,0,10000,"[{""name"":"""",""type"":""chara"",""args"":{""mCharaId"":90000169,""value"":1}},{""name"":"""",""type"":""point"",""args"":{""mPointId"":18,""value"":225}}]",,0,0,0,0,0,0,1980-01-01 00:00:00,2099-12-31 23:59:59,1,NOW(),NOW()
123762,5045,0,10000,"[{""name"":"""",""type"":""chara"",""args"":{""mCharaId"":90000174,""value"":1}},{""name"":"""",""type"":""point"",""args"":{""mPointId"":18,""value"":225}}]",,0,0,0,0,0,0,1980-01-01 00:00:00,2099-12-31 23:59:59,1,NOW(),NOW()
123763,5045,0,10000,"[{""name"":"""",""type"":""chara"",""args"":{""mCharaId"":90000178,""value"":1}},{""name"":"""",""type"":""point"",""args"":{""mPointId"":18,""value"":225}}]",,0,0,0,0,0,0,1980-01-01 00:00:00,2099-12-31 23:59:59,1,NOW(),NOW()
123764,5045,0,10000,"[{""name"":"""",""type"":""chara"",""args"":{""mCharaId"":90000180,""value"":1}},{""name"":"""",""type"":""point"",""args"":{""mPointId"":18,""value"":225}}]",,0,0,0,0,0,0,1980-01-01 00:00:00,2099-12-31 23:59:59,1,NOW(),NOW()
123765,5045,0,10000,"[{""name"":"""",""type"":""chara"",""args"":{""mCharaId"":90000182,""value"":1}},{""name"":"""",""type"":""point"",""args"":{""mPointId"":18,""value"":225}}]",,0,0,0,0,0,0,1980-01-01 00:00:00,2099-12-31 23:59:59,1,NOW(),NOW()
123766,5045,0,10000,"[{""name"":"""",""type"":""chara"",""args"":{""mCharaId"":90000183,""value"":1}},{""name"":"""",""type"":""point"",""args"":{""mPointId"":18,""value"":225}}]",,0,0,0,0,0,0,1980-01-01 00:00:00,2099-12-31 23:59:59,1,NOW(),NOW()
123767,5045,0,10000,"[{""name"":"""",""type"":""chara"",""args"":{""mCharaId"":90000187,""value"":1}},{""name"":"""",""type"":""point"",""args"":{""mPointId"":18,""value"":225}}]",,0,0,0,0,0,0,1980-01-01 00:00:00,2099-12-31 23:59:59,1,NOW(),NOW()
123768,5045,0,10000,"[{""name"":"""",""type"":""chara"",""args"":{""mCharaId"":90000188,""value"":1}},{""name"":"""",""type"":""point"",""args"":{""mPointId"":18,""value"":225}}]",,0,0,0,0,0,0,1980-01-01 00:00:00,2099-12-31 23:59:59,1,NOW(),NOW()
123769,5045,0,10000,"[{""name"":""★3_俄然"",""type"":""chara"",""args"":{""mCharaId"":90000063,""value"":1}},{""name"":""EXメモリーボール"",""type"":""point"",""args"":{""mPointId"":485,""value"":150}}]",,0,0,0,0,0,0,1980-01-01 00:00:00,2099-12-31 23:59:59,1,NOW(),NOW()
123770,5045,0,10000,"[{""name"":""★3_死んでも嫌っすね"",""type"":""chara"",""args"":{""mCharaId"":90000111,""value"":1}},{""name"":""EXメモリーボール"",""type"":""point"",""args"":{""mPointId"":485,""value"":150}}]",,0,0,0,0,0,0,1980-01-01 00:00:00,2099-12-31 23:59:59,1,NOW(),NOW()
123771,5045,0,10000,"[{""name"":""★3_俺のエゴはなんだ？"",""type"":""chara"",""args"":{""mCharaId"":90000121,""value"":1}},{""name"":""EXメモリーボール"",""type"":""point"",""args"":{""mPointId"":485,""value"":150}}]",,0,0,0,0,0,0,1980-01-01 00:00:00,2099-12-31 23:59:59,1,NOW(),NOW()
123772,5045,0,10000,"[{""name"":""★3_奪い返す"",""type"":""chara"",""args"":{""mCharaId"":90000134,""value"":1}},{""name"":""EXメモリーボール"",""type"":""point"",""args"":{""mPointId"":485,""value"":150}}]",,0,0,0,0,0,0,1980-01-01 00:00:00,2099-12-31 23:59:59,1,NOW(),NOW()
123773,5045,0,10000,"[{""name"":""★3_殺し屋と忍者"",""type"":""chara"",""args"":{""mCharaId"":90000145,""value"":1}},{""name"":""EXメモリーボール"",""type"":""point"",""args"":{""mPointId"":485,""value"":150}}]",,0,0,0,0,0,0,1980-01-01 00:00:00,2099-12-31 23:59:59,1,NOW(),NOW()
123774,5045,0,10000,"[{""name"":""★3_お前は一生俺に勝てないのポーズだ"",""type"":""chara"",""args"":{""mCharaId"":90000157,""value"":1}},{""name"":""EXメモリーボール"",""type"":""point"",""args"":{""mPointId"":485,""value"":150}}]",,0,0,0,0,0,0,1980-01-01 00:00:00,2099-12-31 23:59:59,1,NOW(),NOW()
123775,5045,0,10000,"[{""name"":""★3_悪魔参戦"",""type"":""chara"",""args"":{""mCharaId"":90000167,""value"":1}},{""name"":""EXメモリーボール"",""type"":""point"",""args"":{""mPointId"":485,""value"":150}}]",,0,0,0,0,0,0,1980-01-01 00:00:00,2099-12-31 23:59:59,1,NOW(),NOW()
123776,5045,0,10000,"[{""name"":""★3_今の俺の現在地"",""type"":""chara"",""args"":{""mCharaId"":90000176,""value"":1}},{""name"":""EXメモリーボール"",""type"":""point"",""args"":{""mPointId"":485,""value"":150}}]",,0,0,0,0,0,0,1980-01-01 00:00:00,2099-12-31 23:59:59,1,NOW(),NOW()
123777,5045,0,10000,"[{""name"":""★3_独裁の王"",""type"":""chara"",""args"":{""mCharaId"":90000184,""value"":1}},{""name"":""EXメモリーボール"",""type"":""point"",""args"":{""mPointId"":485,""value"":150}}]",,0,0,0,0,0,0,1980-01-01 00:00:00,2099-12-31 23:59:59,1,NOW(),NOW()
123778,5045,0,10000,"[{""name"":""★3_ベンチプレスマシーン GOLD"",""type"":""charaVariableTrainer"",""args"":{""variableTrainerMCharaId"":50000057,""value"":1}}]",,0,0,0,0,0,0,1980-01-01 00:00:00,2099-12-31 23:59:59,1,NOW(),NOW()
123779,5045,0,10000,"[{""name"":""★3_腹筋マシーン GOLD"",""type"":""charaVariableTrainer"",""args"":{""variableTrainerMCharaId"":50000058,""value"":1}}]",,0,0,0,0,0,0,1980-01-01 00:00:00,2099-12-31 23:59:59,1,NOW(),NOW()
123780,5045,0,10000,"[{""name"":""★3_アンクルウェイト GOLD"",""type"":""charaVariableTrainer"",""args"":{""variableTrainerMCharaId"":50000059,""value"":1}}]",,0,0,0,0,0,0,1980-01-01 00:00:00,2099-12-31 23:59:59,1,NOW(),NOW()
123781,5045,0,10000,"[{""name"":""★3_超高速ランニングマシーン GOLD"",""type"":""charaVariableTrainer"",""args"":{""variableTrainerMCharaId"":50000060,""value"":1}}]",,0,0,0,0,0,0,1980-01-01 00:00:00,2099-12-31 23:59:59,1,NOW(),NOW()
123782,5045,0,10000,"[{""name"":""★3_移動式カラーコーン GOLD"",""type"":""charaVariableTrainer"",""args"":{""variableTrainerMCharaId"":50000061,""value"":1}}]",,0,0,0,0,0,0,1980-01-01 00:00:00,2099-12-31 23:59:59,1,NOW(),NOW()
123783,5045,0,10000,"[{""name"":""★3_疑似DF投影装置 GOLD"",""type"":""charaVariableTrainer"",""args"":{""variableTrainerMCharaId"":50000062,""value"":1}}]",,0,0,0,0,0,0,1980-01-01 00:00:00,2099-12-31 23:59:59,1,NOW(),NOW()
123784,5045,0,10000,"[{""name"":""★3_大型遮蔽板 GOLD"",""type"":""charaVariableTrainer"",""args"":{""variableTrainerMCharaId"":50000063,""value"":1}}]",,0,0,0,0,0,0,1980-01-01 00:00:00,2099-12-31 23:59:59,1,NOW(),NOW()
123785,5045,0,10000,"[{""name"":""★3_強化型BLM GOLD"",""type"":""charaVariableTrainer"",""args"":{""variableTrainerMCharaId"":50000064,""value"":1}}]",,0,0,0,0,0,0,1980-01-01 00:00:00,2099-12-31 23:59:59,1,NOW(),NOW()
123786,5045,0,10000,"[{""name"":""★3_イージーリスニング GOLD"",""type"":""charaVariableTrainer"",""args"":{""variableTrainerMCharaId"":50000065,""value"":1}}]",,0,0,0,0,0,0,1980-01-01 00:00:00,2099-12-31 23:59:59,1,NOW(),NOW()
123787,5045,0,10000,"[{""name"":""★3_高級ヨガマット GOLD"",""type"":""charaVariableTrainer"",""args"":{""variableTrainerMCharaId"":50000066,""value"":1}}]",,0,0,0,0,0,0,1980-01-01 00:00:00,2099-12-31 23:59:59,1,NOW(),NOW()
123788,5045,0,10000,"[{""name"":""★3_【國神 錬介】ベンチプレスマシーン RED"",""type"":""charaVariableTrainer"",""args"":{""variableTrainerMCharaId"":50000042,""value"":1}}]",,0,0,0,0,0,0,1980-01-01 00:00:00,2099-12-31 23:59:59,1,NOW(),NOW()
123789,5045,0,10000,"[{""name"":""★3_【雷市 陣吾】腹筋マシーン RED"",""type"":""charaVariableTrainer"",""args"":{""variableTrainerMCharaId"":50000043,""value"":1}}]",,0,0,0,0,0,0,1980-01-01 00:00:00,2099-12-31 23:59:59,1,NOW(),NOW()
123790,5045,0,10000,"[{""name"":""★3_【御影 玲王】アンクルウェイト RED"",""type"":""charaVariableTrainer"",""args"":{""variableTrainerMCharaId"":50000044,""value"":1}}]",,0,0,0,0,0,0,1980-01-01 00:00:00,2099-12-31 23:59:59,1,NOW(),NOW()
123791,5045,0,10000,"[{""name"":""★3_【千切 豹馬】超高速ランニングマシーン RED"",""type"":""charaVariableTrainer"",""args"":{""variableTrainerMCharaId"":50000045,""value"":1}}]",,0,0,0,0,0,0,1980-01-01 00:00:00,2099-12-31 23:59:59,1,NOW(),NOW()
123792,5045,0,10000,"[{""name"":""★3_【蜂楽 廻】移動式カラーコーン RED"",""type"":""charaVariableTrainer"",""args"":{""variableTrainerMCharaId"":50000046,""value"":1}}]",,0,0,0,0,0,0,1980-01-01 00:00:00,2099-12-31 23:59:59,1,NOW(),NOW()
123793,5045,0,10000,"[{""name"":""★3_【凪 誠士郎】疑似DF投影装置 RED"",""type"":""charaVariableTrainer"",""args"":{""variableTrainerMCharaId"":50000047,""value"":1}}]",,0,0,0,0,0,0,1980-01-01 00:00:00,2099-12-31 23:59:59,1,NOW(),NOW()
123794,5045,0,10000,"[{""name"":""★3_【馬狼 照英】大型遮蔽板 RED"",""type"":""charaVariableTrainer"",""args"":{""variableTrainerMCharaId"":50000048,""value"":1}}]",,0,0,0,0,0,0,1980-01-01 00:00:00,2099-12-31 23:59:59,1,NOW(),NOW()
123795,5045,0,10000,"[{""name"":""★3_【士道 龍聖】強化型BLM RED"",""type"":""charaVariableTrainer"",""args"":{""variableTrainerMCharaId"":50000049,""value"":1}}]",,0,0,0,0,0,0,1980-01-01 00:00:00,2099-12-31 23:59:59,1,NOW(),NOW()
123796,5045,0,10000,"[{""name"":""★3_【潔 世一】イージーリスニング RED"",""type"":""charaVariableTrainer"",""args"":{""variableTrainerMCharaId"":50000050,""value"":1}}]",,0,0,0,0,0,0,1980-01-01 00:00:00,2099-12-31 23:59:59,1,NOW(),NOW()
123797,5045,0,10000,"[{""name"":""★3_【糸師 凛】高級ヨガマット RED"",""type"":""charaVariableTrainer"",""args"":{""variableTrainerMCharaId"":50000051,""value"":1}}]",,0,0,0,0,0,0,1980-01-01 00:00:00,2099-12-31 23:59:59,1,NOW(),NOW()
123798,5045,0,10000,"[{""name"":""★3_【七星 虹郎】ベンチプレスマシーン RED"",""type"":""charaVariableTrainer"",""args"":{""variableTrainerMCharaId"":50000052,""value"":1}}]",,0,0,0,0,0,0,1980-01-01 00:00:00,2099-12-31 23:59:59,1,NOW(),NOW()
123799,5045,0,10000,"[{""name"":""★3_【乙夜 影汰】超高速ランニングマシーン RED"",""type"":""charaVariableTrainer"",""args"":{""variableTrainerMCharaId"":50000053,""value"":1}}]",,0,0,0,0,0,0,1980-01-01 00:00:00,2099-12-31 23:59:59,1,NOW(),NOW()
123800,5045,0,10000,"[{""name"":""★3_【烏 旅人】移動式カラーコーン RED"",""type"":""charaVariableTrainer"",""args"":{""variableTrainerMCharaId"":50000054,""value"":1}}]",,0,0,0,0,0,0,1980-01-01 00:00:00,2099-12-31 23:59:59,1,NOW(),NOW()
123801,5045,0,10000,"[{""name"":""★3_【雪宮 剣優】強化型BLM RED"",""type"":""charaVariableTrainer"",""args"":{""variableTrainerMCharaId"":50000055,""value"":1}}]",,0,0,0,0,0,0,1980-01-01 00:00:00,2099-12-31 23:59:59,1,NOW(),NOW()
123802,5045,0,10000,"[{""name"":""★3_【氷織 羊】イージーリスニング RED"",""type"":""charaVariableTrainer"",""args"":{""variableTrainerMCharaId"":50000056,""value"":1}}]",,0,0,0,0,0,0,1980-01-01 00:00:00,2099-12-31 23:59:59,1,NOW(),NOW()
123803,5045,0,10000,"[{""name"":""★3_ベンチプレスマシーン（RED）"",""type"":""charaVariableTrainer"",""args"":{""variableTrainerMCharaId"":50000032,""value"":1}}]",,0,0,0,0,0,0,1980-01-01 00:00:00,2099-12-31 23:59:59,1,NOW(),NOW()
123804,5045,0,10000,"[{""name"":""★3_腹筋マシーン（RED）"",""type"":""charaVariableTrainer"",""args"":{""variableTrainerMCharaId"":50000033,""value"":1}}]",,0,0,0,0,0,0,1980-01-01 00:00:00,2099-12-31 23:59:59,1,NOW(),NOW()
123805,5045,0,10000,"[{""name"":""★3_アンクルウェイト（RED）"",""type"":""charaVariableTrainer"",""args"":{""variableTrainerMCharaId"":50000034,""value"":1}}]",,0,0,0,0,0,0,1980-01-01 00:00:00,2099-12-31 23:59:59,1,NOW(),NOW()
123806,5045,0,10000,"[{""name"":""★3_超高速ランニングマシーン（RED）"",""type"":""charaVariableTrainer"",""args"":{""variableTrainerMCharaId"":50000035,""value"":1}}]",,0,0,0,0,0,0,1980-01-01 00:00:00,2099-12-31 23:59:59,1,NOW(),NOW()
123807,5045,0,10000,"[{""name"":""★3_移動式カラーコーン（RED）"",""type"":""charaVariableTrainer"",""args"":{""variableTrainerMCharaId"":50000036,""value"":1}}]",,0,0,0,0,0,0,1980-01-01 00:00:00,2099-12-31 23:59:59,1,NOW(),NOW()
123808,5045,0,10000,"[{""name"":""★3_疑似DF投影装置（RED）"",""type"":""charaVariableTrainer"",""args"":{""variableTrainerMCharaId"":50000037,""value"":1}}]",,0,0,0,0,0,0,1980-01-01 00:00:00,2099-12-31 23:59:59,1,NOW(),NOW()
123809,5045,0,10000,"[{""name"":""★3_大型遮蔽板（RED）"",""type"":""charaVariableTrainer"",""args"":{""variableTrainerMCharaId"":50000038,""value"":1}}]",,0,0,0,0,0,0,1980-01-01 00:00:00,2099-12-31 23:59:59,1,NOW(),NOW()
123810,5045,0,10000,"[{""name"":""★3_強化型BLM（RED）"",""type"":""charaVariableTrainer"",""args"":{""variableTrainerMCharaId"":50000039,""value"":1}}]",,0,0,0,0,0,0,1980-01-01 00:00:00,2099-12-31 23:59:59,1,NOW(),NOW()
123811,5045,0,10000,"[{""name"":""★3_イージーリスニング（RED）"",""type"":""charaVariableTrainer"",""args"":{""variableTrainerMCharaId"":50000040,""value"":1}}]",,0,0,0,0,0,0,1980-01-01 00:00:00,2099-12-31 23:59:59,1,NOW(),NOW()
123812,5045,0,10000,"[{""name"":""★3_高級ヨガマット（RED）"",""type"":""charaVariableTrainer"",""args"":{""variableTrainerMCharaId"":50000041,""value"":1}}]",,0,0,0,0,0,0,1980-01-01 00:00:00,2099-12-31 23:59:59,1,NOW(),NOW()
123813,4713,0,10000,"[{""name"":"""",""type"":""chara"",""args"":{""mCharaId"":10020003,""value"":1}},{""name"":"""",""type"":""point"",""args"":{""mPointId"":18,""value"":150}}]",2,0,0,0,0,0,0,1980-01-01 00:00:00,2099-12-31 23:59:59,1,NOW(),NOW()